Id,Neighborhood,OverallQual,GrLivArea,YearBuilt,Bedrooms,FullBath,GarageCars,LotArea,SalePrice,LotFrontage
1,BrkSide,4,1726,1963,4,1,2,9055,188300,64.0
2,CollgCr,6,2292,1921,5,2,2,12134,267200,42.0
3,BrkSide,5,2063,2001,3,2,2,9699,254400,77.0
4,Edwards,6,2379,1952,4,1,3,16192,230600,
5,NoRidge,8,2339,1996,4,2,2,10937,390200,74.0
6,BrDale,3,1546,1941,3,1,3,8963,156900,73.0
7,Edwards,6,2159,1956,3,2,2,11942,215400,
8,BrkSide,6,2029,1955,4,2,3,16532,218400,81.0
9,Somerst,7,2020,1943,4,3,3,13792,275100,62.0
10,CollgCr,7,2043,1970,3,3,1,12737,265900,74.0
11,NWAmes,5,1513,1988,4,2,2,7010,255400,75.0
12,MeadowV,3,1587,1902,3,2,2,8174,136400,21.0
13,OldTown,3,1407,1916,3,2,1,7339,161300,84.0
14,BrkSide,2,1027,1994,3,2,2,15627,172900,
15,CollgCr,6,1748,1971,4,3,2,14352,243600,82.0
16,Veenker,6,1556,2010,2,3,2,9096,302300,42.0
17,OldTown,4,1962,1968,4,2,2,10948,200500,63.0
18,NoRidge,4,1647,1992,3,3,2,9405,315500,46.0
19,BrkSide,3,1138,2000,4,1,1,8175,131200,
20,OldTown,6,2262,1974,4,2,2,15135,217900,
21,Edwards,4,1423,1938,3,2,1,10839,181900,50.0
22,NWAmes,6,1487,1966,5,3,4,19258,284200,
23,BrDale,2,1617,1925,3,2,0,16610,154000,56.0
24,IDOTRR,6,1792,1936,4,1,2,17167,209900,50.0
25,BrkSide,4,1476,1976,3,3,1,14301,158700,90.0
26,Timber,7,2174,1928,4,2,4,11868,297100,91.0
27,CollgCr,9,2919,1982,4,2,2,16930,339200,86.0
28,StoneBr,10,2707,1984,5,3,3,13193,379900,89.0
29,Somerst,6,1560,1945,3,2,2,17825,280900,65.0
30,Edwards,4,1810,1906,3,1,2,14034,198500,65.0
31,Edwards,4,1450,1979,3,2,3,12818,198300,56.0
32,BrDale,5,2460,1990,4,2,3,14364,212200,74.0
33,Gilbert,6,1979,1988,3,3,2,19048,242700,58.0
34,NWAmes,5,1017,1954,3,2,2,6015,251400,60.0
35,CollgCr,8,2465,1980,5,3,1,20364,302500,83.0
36,Timber,6,2660,1957,3,2,2,13668,306400,96.0
37,Somerst,9,3071,1951,4,4,2,10220,323500,79.0
38,CollgCr,6,2620,1944,3,1,2,11607,278700,109.0
39,Veenker,9,2163,1936,5,2,1,7548,308300,54.0
40,Edwards,5,2119,2008,4,2,2,15525,227500,30.0
41,CollgCr,7,1907,1982,4,2,1,9179,281100,86.0
42,BrkSide,4,1698,1921,2,2,2,12986,167700,53.0
43,Edwards,4,1174,1997,3,2,1,15317,152400,64.0
44,Gilbert,6,1754,1924,4,2,1,10155,239200,31.0
45,BrkSide,6,1743,1967,3,2,3,11547,180900,50.0
46,BrkSide,5,2114,1920,5,2,2,8666,195500,37.0
47,NWAmes,4,1900,1947,5,2,2,11440,225700,60.0
48,Gilbert,4,1716,1980,3,2,3,21441,249500,61.0
49,Edwards,3,967,2010,2,2,1,13656,203100,72.0
50,Somerst,4,1510,2010,3,2,3,11093,227800,97.0
51,Timber,6,1718,2010,5,1,1,10295,319300,
52,NridgHt,9,2824,1946,5,3,3,14498,387700,34.0
53,BrkSide,4,2032,1912,4,2,1,13519,190800,83.0
54,Edwards,2,1629,2001,3,2,1,10791,150800,72.0
55,Edwards,4,1355,2003,2,2,2,13565,207900,68.0
56,BrkSide,4,661,1932,3,3,2,6984,155500,70.0
57,CollgCr,8,1721,1911,3,2,3,9087,266800,75.0
58,OldTown,3,1937,1973,3,1,2,14169,156500,
59,Somerst,6,1839,1920,4,1,2,8587,268200,66.0
60,Somerst,8,2077,1916,4,2,3,15705,309000,96.0
61,Edwards,5,2374,2005,4,3,2,13698,222600,55.0
62,CollgCr,7,2602,1963,4,3,3,7806,315100,47.0
63,OldTown,5,1808,1914,4,1,2,12999,213500,
64,Edwards,5,1697,1974,5,2,2,6495,190800,45.0
65,OldTown,5,1753,1942,4,2,1,14932,220400,32.0
66,OldTown,4,1699,1960,4,2,2,11527,191200,
67,OldTown,6,2540,2000,4,1,1,20558,233000,102.0
68,Gilbert,4,1767,1934,3,1,2,16283,230600,69.0
69,NridgHt,8,2594,1992,5,3,3,10475,386900,74.0
70,CollgCr,6,2389,2000,4,1,2,6705,234300,23.0
71,Veenker,6,1570,1959,2,2,2,9497,270500,80.0
72,NWAmes,6,2244,2010,4,2,3,9213,252300,
73,BrkSide,4,1516,1951,3,2,0,18422,201400,55.0
74,Gilbert,4,739,1958,2,2,1,10441,227900,74.0
75,StoneBr,7,1415,2010,4,2,2,15096,350800,74.0
76,Gilbert,4,1263,1977,3,2,0,10528,208200,47.0
77,Gilbert,6,2165,2003,5,2,1,12701,245300,
78,Edwards,3,1479,1988,3,1,2,11843,170900,96.0
79,OldTown,5,1864,1980,4,2,3,16600,246600,65.0
80,BrkSide,3,2122,1928,3,2,2,14334,174500,
81,Edwards,4,1175,1945,3,3,2,7649,132100,66.0
82,NWAmes,5,1790,2003,4,2,2,18258,268500,89.0
83,BrkSide,6,2086,1969,3,3,2,12147,244300,43.0
84,Timber,7,1902,1942,3,2,2,11209,314200,83.0
85,NridgHt,8,2349,1957,4,2,2,3794,386200,55.0
86,NoRidge,8,1780,2006,4,2,2,14780,378300,75.0
87,Edwards,2,1753,1921,4,1,2,12859,171300,58.0
88,CollgCr,6,1741,1921,3,2,3,12831,216900,58.0
89,Somerst,9,3230,1996,5,4,3,14050,349000,104.0
90,CollgCr,6,1968,1940,3,3,2,10922,270200,39.0
91,Somerst,6,2339,1996,2,2,1,12384,287100,81.0
92,Edwards,5,1781,1960,3,2,3,14183,203900,108.0
93,CollgCr,7,2149,2010,5,3,3,15534,272400,85.0
94,NWAmes,3,1235,1965,2,2,2,10661,193500,
95,Gilbert,4,1661,2003,3,1,1,15643,266400,42.0
96,OldTown,5,1911,1995,5,2,2,12545,244300,53.0
97,NWAmes,5,1525,1931,3,2,1,10285,224500,73.0
98,NoRidge,9,2476,2010,4,3,3,14646,394900,75.0
99,Somerst,6,1766,1994,2,2,3,7774,265500,42.0
100,BrDale,2,2064,1911,5,1,2,13942,175300,51.0
101,IDOTRR,3,1408,1900,3,1,2,6418,180100,52.0
102,Edwards,1,1620,1931,3,1,0,8642,122900,66.0
103,Gilbert,5,1731,1909,5,2,2,5396,239700,
104,BrDale,4,1710,1939,4,3,3,11807,189600,
105,BrkSide,4,1157,2010,2,2,1,16947,187200,49.0
106,Edwards,6,1823,1954,3,2,2,12236,239800,45.0
107,CollgCr,7,2233,1911,4,2,3,15718,310900,84.0
108,Gilbert,5,2355,1962,3,3,2,21943,254100,69.0
109,NoRidge,5,1877,1945,2,2,4,14168,346500,50.0
110,IDOTRR,5,2284,1994,4,2,1,10889,202400,62.0
111,CollgCr,7,2384,1918,3,2,1,11571,258400,53.0
112,Timber,7,2729,1996,6,3,3,14460,327100,
113,Gilbert,7,2139,1957,4,3,1,11062,274500,129.0
114,OldTown,3,2276,1904,3,1,1,11598,187400,82.0
115,Timber,9,2350,1986,3,3,2,17148,304900,68.0
116,BrkSide,3,1171,1952,1,2,2,14933,156300,55.0
117,Edwards,5,1376,1986,2,2,2,5987,187300,
118,Edwards,3,2255,1969,5,1,2,10646,185900,86.0
119,CollgCr,5,2086,1995,6,2,2,11547,269900,85.0
120,OldTown,6,1863,1952,4,2,3,14822,222100,60.0
121,OldTown,4,2057,1902,4,2,4,17114,217600,97.0
122,OldTown,6,2220,1916,4,2,2,22896,197600,70.0
123,NoRidge,8,3028,1971,4,2,2,13426,374900,87.0
124,NWAmes,6,1438,1951,5,2,1,10420,261700,77.0
125,StoneBr,9,2427,2007,4,3,2,15913,376300,66.0
126,CollgCr,6,1818,1954,5,2,2,10248,257900,49.0
127,NWAmes,3,749,2002,4,2,1,10004,196400,67.0
128,Somerst,5,2171,1932,2,2,2,11889,290700,
129,Somerst,7,2065,1954,3,3,3,3954,313400,59.0
130,OldTown,5,2058,1985,3,2,3,13547,238000,80.0
131,Timber,4,2445,1925,4,2,2,13251,272900,46.0
132,MeadowV,3,1316,1935,3,1,1,16081,128400,87.0
133,OldTown,4,1472,1984,6,1,3,11963,228000,77.0
134,NWAmes,5,1841,1972,3,2,2,8290,261200,44.0
135,OldTown,3,1785,1987,4,2,0,11666,171400,65.0
136,NridgHt,7,1961,1977,4,2,3,5603,382900,90.0
137,BrDale,3,1219,1994,3,2,2,7199,153400,42.0
138,CollgCr,7,2530,2005,4,2,0,16284,309900,46.0
139,BrkSide,5,1932,2009,3,1,1,11998,233800,68.0
140,NoRidge,8,1624,1934,3,3,2,15476,322800,117.0
141,CollgCr,5,1371,1974,4,2,2,4857,250900,
142,CollgCr,6,2505,1921,4,2,2,13161,284700,81.0
143,MeadowV,3,1580,1925,4,1,1,10495,196800,
144,OldTown,3,1173,1935,4,2,2,14691,149800,57.0
145,CollgCr,5,1740,1980,4,3,2,14834,277700,74.0
146,Gilbert,5,1804,1955,4,2,2,14855,242000,60.0
147,NWAmes,4,1877,2003,3,2,1,18148,217000,62.0
148,CollgCr,6,1504,1941,3,3,1,10719,239100,33.0
149,CollgCr,7,1865,1976,3,1,3,17402,275700,
150,NridgHt,6,2075,2004,4,3,2,9495,333300,90.0
151,BrkSide,4,1585,2009,3,3,2,8386,200100,71.0
152,IDOTRR,4,1820,1926,3,1,1,15274,184900,
153,Somerst,7,1729,1992,2,2,2,7191,289000,83.0
154,OldTown,4,1744,1911,2,1,3,14492,178100,69.0
155,Somerst,5,2182,1971,4,2,1,13718,270000,56.0
156,Edwards,3,1610,1947,2,1,2,15971,179000,59.0
157,Gilbert,6,2028,2010,3,3,3,12847,274700,38.0
158,Edwards,6,1946,1987,3,2,3,13088,244600,64.0
159,Edwards,2,967,2003,2,1,1,12716,163000,73.0
160,Edwards,5,1774,1995,4,2,1,10228,178000,108.0
161,Somerst,8,2780,1957,5,3,2,12088,305700,82.0
162,MeadowV,4,1578,1980,3,1,1,13816,170600,51.0
163,Gilbert,6,1668,1911,3,1,1,12233,253200,38.0
164,NridgHt,7,1987,1982,4,4,3,11548,382300,65.0
165,OldTown,4,1690,1907,3,1,2,12090,212500,88.0
166,NWAmes,4,1489,1987,3,2,1,17558,228000,65.0
167,BrkSide,2,1429,2008,4,1,2,10307,187700,82.0
168,BrkSide,6,2162,1976,5,3,2,11671,194500,66.0
169,Gilbert,4,1931,2000,4,3,3,6885,258100,86.0
170,BrDale,4,2118,1925,5,2,2,13087,164400,35.0
171,Gilbert,4,1968,2010,2,1,2,15235,247000,105.0
172,CollgCr,4,1293,1969,4,1,2,14512,283900,46.0
173,Gilbert,5,1483,1982,4,2,3,12344,248000,87.0
174,MeadowV,3,1413,1984,4,1,1,15171,140100,64.0
175,Timber,7,2002,1982,4,1,2,15563,301700,67.0
176,StoneBr,8,1941,1954,4,3,2,16777,338800,65.0
177,CollgCr,6,1825,1976,3,2,2,16095,244200,76.0
178,BrDale,4,1453,1971,4,3,2,17400,211300,80.0
179,IDOTRR,6,1744,1994,3,3,2,11894,218000,93.0
180,Edwards,3,1329,1954,4,1,2,7013,178700,101.0
181,IDOTRR,4,2032,1955,2,2,2,15387,176700,77.0
182,IDOTRR,5,1869,1955,3,1,1,15469,176600,108.0
183,CollgCr,7,3025,1921,6,3,3,20544,326000,72.0
184,Gilbert,4,1679,1917,3,2,2,16842,228800,
185,Edwards,4,1518,1904,3,1,1,18845,116200,
186,Edwards,6,1981,1975,3,2,2,15131,262000,58.0
187,NWAmes,6,2069,1954,4,2,1,13938,255200,74.0
188,NoRidge,8,2492,2010,3,2,2,9136,383500,81.0
189,Edwards,4,2346,1979,4,2,2,14770,233000,69.0
190,Gilbert,5,1504,1923,4,2,1,10074,230900,79.0
191,MeadowV,4,1920,1911,3,3,3,13580,188200,89.0
192,Gilbert,5,1872,1948,4,1,1,12934,229700,69.0
193,Somerst,6,1430,2010,4,3,2,13511,249500,21.0
194,BrkSide,5,2069,1907,5,1,3,12797,207700,107.0
195,Somerst,5,2243,1932,4,2,3,16758,303100,63.0
196,Timber,7,1859,1915,6,2,2,3186,266600,52.0
197,OldTown,8,2336,1947,5,2,2,14336,224800,45.0
198,IDOTRR,2,656,2008,3,2,0,14520,150800,
199,Timber,7,1719,1987,3,3,2,18983,279100,58.0
200,Gilbert,5,2166,1962,4,3,1,15893,240700,54.0
201,BrkSide,5,1636,1917,5,2,1,18169,175700,
202,BrDale,4,1231,1939,4,2,1,12053,155300,82.0
203,CollgCr,7,2240,1966,5,2,2,13490,251000,115.0
204,Somerst,8,2157,1942,4,2,3,15166,291000,
205,NridgHt,8,2175,1998,3,2,1,13338,369200,95.0
206,Gilbert,7,2418,2010,4,2,2,11097,288800,
207,Somerst,3,1033,1934,2,2,1,9262,238600,72.0
208,Edwards,6,1663,1929,2,1,2,8433,234400,79.0
209,Somerst,7,2213,1925,4,2,3,15275,318400,55.0
210,CollgCr,7,2499,1988,5,3,2,14037,307000,61.0
211,Edwards,3,1873,1952,4,2,0,11484,174600,89.0
212,OldTown,3,1207,1933,3,1,2,9430,152500,94.0
213,Timber,7,2488,1936,4,2,3,15743,305000,71.0
214,BrkSide,4,1345,1909,2,2,2,14421,180300,44.0
215,Edwards,5,2439,1954,4,1,1,9921,229300,63.0
216,Edwards,6,1583,1977,2,3,3,7659,223900,38.0
217,Somerst,4,2084,1937,2,2,1,16508,253600,72.0
218,Somerst,7,1930,1912,4,3,3,8047,295100,76.0
219,MeadowV,4,2324,1952,3,1,2,15564,211100,64.0
220,NWAmes,5,2006,1982,4,3,2,18671,268000,75.0
221,Gilbert,4,1264,1945,4,2,3,17195,221200,79.0
222,CollgCr,6,1797,1936,3,2,2,15176,238500,76.0
223,Edwards,2,1533,1918,4,1,1,14546,143200,44.0
224,BrDale,5,2168,1982,3,2,3,21217,196200,64.0
225,Gilbert,4,1595,2002,2,2,1,4019,235900,79.0
226,MeadowV,4,1635,1984,3,3,2,10644,184300,105.0
227,NridgHt,8,2605,1978,4,3,1,17179,348000,64.0
228,OldTown,6,2026,1981,3,2,1,11871,205200,82.0
229,OldTown,4,1167,1945,5,1,2,15673,177200,89.0
230,Somerst,5,1515,1914,2,1,2,11892,232500,66.0
231,Somerst,6,2062,1952,4,3,1,13585,281700,95.0
232,CollgCr,7,2585,1986,3,2,3,13208,292100,96.0
233,BrDale,5,2365,1971,5,3,1,11901,189000,100.0
234,OldTown,4,1892,2010,4,2,3,10869,210700,80.0
235,MeadowV,4,1720,2009,4,2,1,13389,183800,122.0
236,BrkSide,3,1702,1928,3,1,1,9693,154900,56.0
237,CollgCr,6,1746,1910,3,3,2,15828,243100,117.0
238,BrkSide,2,1206,1932,4,1,1,13698,157400,87.0
239,NridgHt,9,2231,2010,5,3,3,17309,373100,99.0
240,Somerst,6,1542,2001,4,3,2,8132,243300,63.0
241,BrkSide,7,2276,1912,3,2,2,7603,192700,89.0
242,BrkSide,3,1504,1919,4,1,2,11993,160500,101.0
243,Gilbert,6,2220,1969,6,3,1,23585,235100,46.0
244,CollgCr,8,2531,1981,4,3,1,18493,286900,66.0
245,OldTown,6,2064,2010,5,2,2,11187,255600,23.0
246,IDOTRR,3,1634,1983,3,1,1,13753,139900,66.0
247,OldTown,5,1785,1925,3,1,1,15116,184400,
248,NWAmes,6,2124,1912,4,3,3,8458,294300,65.0
249,NWAmes,6,1725,1977,4,3,2,17243,258800,134.0
250,CollgCr,5,1929,1969,3,3,1,12272,243600,
251,OldTown,4,1853,2003,3,2,1,12388,194600,38.0
252,IDOTRR,2,1025,1963,4,1,1,11133,143800,82.0
253,CollgCr,6,1998,1964,5,3,3,17001,299700,88.0
254,Gilbert,6,1761,1941,5,2,3,9878,241400,63.0
255,Gilbert,5,1615,1917,5,2,2,6255,215900,74.0
256,Edwards,3,1046,1998,3,3,2,12222,147600,76.0
257,BrkSide,6,2423,1992,4,2,1,6693,227800,40.0
258,Somerst,7,2532,1929,5,3,2,13010,270600,47.0
259,NoRidge,7,2348,1998,5,2,2,17850,354800,74.0
260,OldTown,4,2310,1942,3,2,2,15646,187900,
261,Somerst,4,1553,1960,2,3,2,15754,269400,54.0
262,BrkSide,3,2501,1995,4,2,2,16173,200500,53.0
263,Gilbert,5,1720,2000,3,2,2,20876,254600,68.0
264,Somerst,8,2429,1932,4,2,2,11799,272600,
265,MeadowV,3,1300,1933,4,2,1,12993,145700,68.0
266,Timber,7,2290,2002,5,2,2,12046,284300,106.0
267,Gilbert,5,2092,2008,5,2,2,16532,251600,55.0
268,Somerst,7,2120,1920,2,2,2,13024,322500,74.0
269,Somerst,6,2601,2003,4,3,2,20217,319900,62.0
270,NridgHt,9,2603,1974,5,3,2,12348,383400,83.0
271,StoneBr,7,2254,1984,3,2,1,18432,406800,53.0
272,Timber,4,1301,1920,3,1,2,13677,223100,112.0
273,StoneBr,6,2126,1994,3,3,3,13138,370400,33.0
274,OldTown,4,1573,1976,3,2,2,14044,162100,
275,Edwards,3,1227,1974,4,1,1,12368,163800,72.0
276,NWAmes,6,1708,1994,5,1,2,13661,229700,82.0
277,Gilbert,5,2735,2010,4,2,1,13745,277300,99.0
278,CollgCr,9,2427,2002,4,2,3,11398,313100,89.0
279,IDOTRR,2,750,1981,3,1,1,9327,126000,54.0
280,BrkSide,5,1555,2009,4,2,1,6218,216300,
281,StoneBr,6,1961,1994,4,2,2,15868,329600,111.0
282,Timber,6,2171,1985,4,2,2,9018,297500,50.0
283,Gilbert,6,2174,1967,5,2,3,12586,282000,117.0
284,Gilbert,3,1676,1992,4,2,1,14620,197000,78.0
285,OldTown,5,1574,1909,2,3,2,15085,172200,60.0
286,NWAmes,8,2459,1963,5,2,3,7706,291400,
287,StoneBr,7,1853,1966,4,3,2,12384,351100,
288,NWAmes,6,1763,2008,4,1,2,14135,283600,
289,CollgCr,7,1838,1916,4,3,2,12858,255200,61.0
290,Somerst,6,1564,1982,3,2,1,16832,259600,64.0
291,BrkSide,4,1992,1922,4,2,2,10107,174500,46.0
292,StoneBr,5,2041,2010,4,2,2,5910,342900,86.0
293,MeadowV,5,2141,1993,2,2,2,16118,193300,
294,NoRidge,8,2353,1946,4,3,2,11826,357000,56.0
295,BrkSide,3,1711,1997,3,1,2,6267,186200,63.0
296,IDOTRR,4,1003,1954,2,2,3,10451,169700,78.0
297,BrDale,3,1742,2006,5,1,1,16790,164700,72.0
298,BrkSide,4,1681,1982,4,2,1,7940,173400,
299,BrkSide,5,2019,1905,4,2,2,21213,203700,73.0
300,OldTown,3,1573,1924,3,2,2,9213,117900,69.0
301,BrkSide,6,1634,1946,4,2,2,12572,189700,45.0
302,Somerst,5,1275,1935,4,2,4,7283,235000,
303,OldTown,4,1370,1916,2,1,2,11885,194900,83.0
304,CollgCr,8,2537,2010,4,3,3,13605,300600,
305,BrkSide,6,2221,1997,5,2,2,8228,216100,65.0
306,CollgCr,6,1501,1956,2,2,1,21892,243000,85.0
307,NWAmes,5,1456,1931,3,2,2,10178,216900,
308,OldTown,4,1366,1921,3,2,2,10001,166800,49.0
309,Gilbert,6,1854,2008,3,2,2,16099,262300,64.0
310,Somerst,6,1503,1948,3,2,2,18355,254900,103.0
311,CollgCr,6,1482,1910,3,2,2,15906,232300,74.0
312,NWAmes,6,1692,1951,5,4,2,8179,227600,64.0
313,Gilbert,5,1830,1957,3,3,2,13408,222000,104.0
314,NWAmes,4,1206,1976,3,2,2,4827,221800,
315,NWAmes,5,1759,1945,5,3,2,15673,244100,119.0
316,Gilbert,7,2530,2009,4,1,1,8336,257000,59.0
317,NWAmes,4,1164,1978,4,1,2,8516,233600,48.0
318,Edwards,4,1547,2010,3,2,1,12082,205400,
319,Gilbert,5,2158,1948,5,1,2,14873,267900,65.0
320,MeadowV,4,1473,1971,4,2,2,11032,595000,52.0
321,MeadowV,4,1419,1940,3,2,3,17154,177400,127.0
322,CollgCr,8,2747,1985,4,3,2,17025,344300,77.0
323,Gilbert,6,1872,1990,3,2,2,15000,252400,80.0
324,OldTown,3,1826,1937,4,2,2,8349,163000,60.0
325,BrkSide,5,1950,2005,4,2,1,18847,179400,
326,OldTown,4,1500,1996,3,2,2,9189,222900,93.0
327,BrkSide,4,1787,2000,3,1,1,18655,225400,33.0
328,OldTown,5,1912,1925,3,3,1,19901,176400,
329,OldTown,4,1977,1980,4,2,1,14748,183700,65.0
330,Gilbert,7,1968,1919,5,3,3,16548,254900,100.0
331,Edwards,4,1634,1913,3,1,1,1500,198600,62.0
332,Timber,6,1958,2010,3,3,2,12233,267000,79.0
333,Edwards,4,1866,1918,4,2,2,16589,153600,
334,BrkSide,4,1261,1997,4,2,1,14757,217300,99.0
335,Somerst,8,2695,1959,5,3,3,10120,324500,
336,OldTown,5,1963,1935,3,2,1,11897,204400,86.0
337,NoRidge,10,2239,1929,4,1,3,4600,373000,66.0
338,Edwards,7,2582,1976,3,1,2,15609,251900,90.0
339,NoRidge,7,2941,2000,4,3,2,8290,352800,52.0
340,MeadowV,4,1970,1951,5,3,1,16896,158200,71.0
341,Somerst,5,2299,2001,3,3,2,17737,288200,68.0
342,BrDale,3,1469,1935,2,2,2,10277,118600,48.0
343,BrkSide,4,1038,1962,2,1,1,12900,160300,
344,OldTown,3,794,1933,3,1,1,9828,140600,57.0
345,BrkSide,3,1529,1966,4,2,2,12904,171700,
346,BrkSide,4,1412,1916,4,1,2,7808,163000,53.0
347,MeadowV,3,1119,1952,4,3,0,13416,118800,63.0
348,Gilbert,7,2138,1968,2,4,4,7531,246600,29.0
349,OldTown,3,1655,1963,4,2,2,5905,184300,62.0
350,NoRidge,10,2191,1970,4,3,3,12955,377300,93.0
351,OldTown,4,1462,1972,4,1,2,11184,161100,86.0
352,Timber,6,2508,1968,3,3,1,14969,294100,68.0
353,OldTown,3,1063,1933,3,2,2,8852,154400,75.0
354,OldTown,7,2464,1925,4,2,2,20527,221200,52.0
355,CollgCr,7,1990,1980,5,3,3,13542,241000,106.0
356,CollgCr,6,2171,2010,3,2,2,14157,289600,115.0
357,Edwards,3,1824,1984,4,2,2,13338,169500,74.0
358,BrkSide,5,2059,1972,3,1,1,16628,205300,127.0
359,CollgCr,4,1938,2010,4,2,2,14892,240300,55.0
360,OldTown,6,1576,2000,4,2,1,13699,198100,42.0
361,MeadowV,5,2189,1955,5,3,3,15953,218900,
362,Somerst,6,1681,1924,3,2,4,5975,282700,
363,Somerst,3,1530,1981,4,2,3,5806,270500,121.0
364,NoRidge,7,2250,1989,5,2,3,13233,369700,64.0
365,OldTown,5,1969,1932,2,2,2,12246,208000,51.0
366,CollgCr,7,2277,2002,4,2,3,15583,259800,50.0
367,BrkSide,6,1684,1997,4,2,2,12438,205400,95.0
368,Edwards,3,967,1938,3,2,0,12970,145400,92.0
369,NWAmes,6,2285,1960,3,2,3,9210,291100,59.0
370,IDOTRR,5,1865,1921,4,1,3,12692,176900,29.0
371,Edwards,3,1842,1921,3,1,1,7990,180600,45.0
372,Gilbert,6,1964,1937,3,3,1,14282,250000,108.0
373,NWAmes,6,1488,1948,3,2,2,5402,260400,85.0
374,Gilbert,5,2138,1938,4,2,1,14495,240500,71.0
375,Somerst,4,1490,1928,3,2,2,6838,257400,111.0
376,Somerst,6,2099,1961,3,2,1,11855,245800,113.0
377,MeadowV,4,1393,1968,3,1,2,14918,136200,69.0
378,CollgCr,6,2555,1944,5,2,1,14905,230100,70.0
379,NWAmes,5,1493,1966,5,3,1,6226,244100,57.0
380,Edwards,4,1501,1931,2,1,2,9648,193200,
381,OldTown,4,1657,1979,4,2,1,7059,203800,37.0
382,MeadowV,5,1417,1971,2,1,2,5902,162300,37.0
383,BrkSide,4,1735,2007,4,2,1,12881,183200,32.0
384,CollgCr,5,2364,1914,3,2,1,15689,250300,94.0
385,NWAmes,6,1808,2001,3,2,0,14158,274000,36.0
386,BrDale,2,1398,1937,3,1,0,13905,170300,113.0
387,Edwards,5,837,1909,3,1,3,10632,185800,54.0
388,BrDale,4,1606,1975,4,1,3,11255,189400,108.0
389,Somerst,6,1870,1930,4,1,2,8984,293500,62.0
390,BrkSide,6,1693,1921,3,2,1,10845,188100,36.0
391,OldTown,2,1638,2009,2,2,1,7651,169400,98.0
392,Somerst,4,1505,1936,4,1,2,9051,242000,101.0
393,OldTown,5,1737,1962,3,2,1,12785,177200,50.0
394,Edwards,5,1667,1924,4,1,2,11921,189300,63.0
395,NridgHt,8,1669,1934,3,3,2,23064,324200,
396,CollgCr,5,1403,1909,2,1,1,7095,243100,
397,BrkSide,5,2136,1903,4,2,1,12834,203600,72.0
398,Gilbert,7,1421,1960,4,2,2,6858,273600,62.0
399,CollgCr,6,1711,1956,4,4,1,11064,220400,30.0
400,CollgCr,6,1840,1913,3,3,2,11465,284800,57.0
401,Gilbert,3,2050,1946,3,1,1,16057,197600,85.0
402,MeadowV,5,2069,1930,5,2,2,11564,163800,
403,BrkSide,6,1784,1964,3,3,3,11898,201800,63.0
404,Somerst,7,2616,2010,4,1,2,12725,336300,
405,BrDale,3,1180,1976,3,1,2,6456,162800,57.0
406,IDOTRR,5,2153,2001,2,2,1,11023,194100,101.0
407,Gilbert,7,1684,1929,4,2,2,11031,235400,45.0
408,BrkSide,6,2355,1925,4,2,2,13968,192200,86.0
409,Somerst,5,1657,1994,4,1,3,14270,292500,71.0
410,BrDale,4,1260,1934,3,3,0,10698,165800,
411,Edwards,5,1723,1995,3,1,2,11563,231200,54.0
412,OldTown,5,1897,1953,3,2,3,6771,214800,
413,NoRidge,7,1986,1943,4,3,2,14861,295500,70.0
414,IDOTRR,5,1993,1992,3,2,2,10550,175000,59.0
415,NridgHt,9,2315,1981,4,2,3,16244,392300,77.0
416,Gilbert,6,2197,1996,4,1,2,18001,261400,80.0
417,Somerst,7,2314,1961,5,2,3,12970,290500,118.0
418,BrkSide,4,1598,1915,4,1,2,8614,158100,76.0
419,Timber,8,2185,1986,5,3,3,13311,330200,28.0
420,IDOTRR,3,1493,1913,3,1,1,13206,156400,96.0
421,OldTown,4,1812,1974,3,2,1,11519,200100,66.0
422,NridgHt,8,3061,1966,5,3,2,13147,377700,
423,NridgHt,9,2848,2008,4,3,2,16668,401900,102.0
424,StoneBr,6,2321,2010,4,3,2,15383,328700,59.0
425,OldTown,3,2520,1946,3,1,1,12827,195500,86.0
426,BrkSide,2,1440,1999,2,1,1,6090,122100,57.0
427,Gilbert,6,2149,1920,4,2,2,14895,224800,70.0
428,BrkSide,3,1686,1913,4,1,1,9686,161200,85.0
429,StoneBr,7,1806,2010,3,2,3,13362,394100,94.0
430,BrkSide,5,1644,1965,4,2,1,12817,158800,90.0
431,MeadowV,3,1262,1949,3,1,2,4912,127800,72.0
432,Edwards,5,2026,1919,4,2,2,13335,205500,125.0
433,Edwards,4,1559,1933,4,2,2,13918,214900,
434,BrkSide,5,1848,1977,4,2,2,14926,207700,35.0
435,StoneBr,8,2720,2010,5,3,3,14850,397600,39.0
436,Timber,6,2282,2010,5,3,2,6643,293100,102.0
437,Somerst,6,1923,1956,3,3,1,17315,261500,
438,CollgCr,7,1925,1959,3,3,3,14288,275700,73.0
439,Edwards,5,2197,1919,3,2,2,9182,194600,58.0
440,OldTown,3,1710,1911,3,3,2,9662,186900,60.0
441,BrkSide,5,1237,1950,1,3,2,12283,153200,53.0
442,Somerst,5,1690,1975,3,3,1,14759,275600,80.0
443,Edwards,6,2037,1913,3,3,1,11366,204600,
444,Timber,8,2612,1956,5,2,3,17113,315900,80.0
445,Gilbert,6,2298,1978,4,2,2,7321,238100,
446,Edwards,5,1899,1991,3,2,2,9149,193400,61.0
447,BrDale,4,1824,2003,4,2,2,5422,211200,
448,OldTown,5,1822,1939,4,2,3,9503,199300,36.0
449,StoneBr,7,1924,1963,3,2,2,18126,346200,137.0
450,OldTown,5,1708,1998,3,1,2,19618,189600,103.0
451,StoneBr,9,2526,1996,2,4,2,14873,379500,99.0
452,IDOTRR,3,1427,1930,2,1,2,9619,129700,55.0
453,Edwards,4,960,1977,2,2,3,10144,181000,70.0
454,Timber,5,1660,1929,3,3,2,13976,265900,52.0
455,NoRidge,7,2179,1970,3,3,3,7887,364100,41.0
456,Timber,4,1521,1945,3,3,2,10038,233900,57.0
457,BrDale,5,1713,2009,2,1,2,17448,189400,99.0
458,CollgCr,8,2510,1912,4,4,4,10360,304900,88.0
459,BrkSide,6,1602,1996,4,3,3,9582,209800,
460,OldTown,3,870,1932,3,2,2,10786,148900,63.0
461,OldTown,5,1678,1905,3,3,2,13346,222100,86.0
462,Somerst,8,2607,1984,3,2,2,12026,298700,57.0
463,MeadowV,3,2030,1974,3,1,1,13329,190600,
464,Gilbert,6,2253,1923,4,3,2,15633,235700,79.0
465,OldTown,2,746,1906,2,1,2,17357,149800,79.0
466,Edwards,5,1718,1914,3,2,2,11994,204900,76.0
467,OldTown,3,1529,1946,4,2,1,11913,160900,56.0
468,MeadowV,4,1682,1914,4,3,2,17710,141700,58.0
469,Somerst,4,1808,1989,3,1,2,10693,226900,45.0
470,CollgCr,6,1659,1917,4,3,1,7682,230200,36.0
471,NWAmes,7,2182,1994,4,2,3,14239,289700,67.0
472,CollgCr,5,1947,2005,3,2,3,16660,247800,88.0
473,Somerst,5,2088,1990,4,1,2,14439,280200,40.0
474,Somerst,4,1337,2010,3,1,2,11334,226400,76.0
475,Gilbert,5,1679,2010,2,2,2,7288,243900,87.0
476,Gilbert,5,853,1913,3,1,3,10501,191800,30.0
477,CollgCr,4,1402,1946,3,2,2,16120,226900,64.0
478,OldTown,5,1616,1985,3,2,1,7912,186500,106.0
479,OldTown,4,1263,1939,3,1,3,10669,158000,82.0
480,NWAmes,4,1677,1989,3,1,2,10997,224400,29.0
481,NWAmes,5,1780,1993,4,2,1,10118,226000,84.0
482,Veenker,8,1549,2010,3,2,2,12965,274800,54.0
483,OldTown,5,1875,1938,4,2,2,14301,218800,85.0
484,Gilbert,5,1475,1946,4,2,2,13464,224300,55.0
485,NridgHt,9,2689,1923,3,3,3,10959,344300,69.0
486,CollgCr,4,1171,1940,2,2,2,5581,209500,58.0
487,CollgCr,6,1990,1939,2,2,2,13898,276000,70.0
488,Veenker,7,2060,1962,4,2,1,11349,277400,58.0
489,OldTown,4,1726,1948,2,2,2,18886,215900,
490,OldTown,5,1843,1996,4,1,1,19281,188500,44.0
491,Edwards,4,1530,1987,4,1,2,19027,201100,81.0
492,OldTown,5,1262,1982,4,2,1,8233,203800,
493,OldTown,5,1282,1902,2,2,2,13556,184400,34.0
494,Gilbert,2,1055,1959,3,1,2,14158,172700,92.0
495,BrkSide,6,1977,1982,5,3,2,15608,199700,66.0
496,OldTown,1,867,1928,4,1,1,9493,153400,
497,CollgCr,5,2018,1955,4,1,1,17513,235700,87.0
498,OldTown,6,1882,1981,4,2,2,12765,232800,77.0
499,NWAmes,5,1462,1995,2,2,2,12372,231500,96.0
500,CollgCr,4,1522,2002,4,1,2,6661,244300,64.0
501,Edwards,3,1519,1949,3,1,1,14294,146900,93.0
502,IDOTRR,5,1913,1943,4,2,2,11914,175400,73.0
503,MeadowV,2,1917,1942,3,1,2,14460,143500,81.0
504,CollgCr,7,1925,1982,3,2,2,13672,277500,79.0
505,CollgCr,6,1954,1955,4,2,1,13541,258000,97.0
506,BrkSide,3,1589,1946,4,2,2,12018,183600,86.0
507,Gilbert,5,1791,1926,4,2,3,15335,232200,60.0
508,BrkSide,3,1264,1954,3,1,1,10831,145900,56.0
509,CollgCr,7,1617,1935,2,2,2,7140,259600,69.0
510,Somerst,7,1981,1969,5,2,2,14953,269100,53.0
511,NoRidge,6,1604,2010,5,3,2,9376,355900,
512,BrkSide,4,1015,1987,3,1,2,6395,172500,23.0
513,StoneBr,7,1881,1972,3,3,3,9184,340800,36.0
514,Gilbert,7,1793,2010,3,2,2,13577,275600,114.0
515,NWAmes,4,1824,2010,4,3,3,12310,247700,56.0
516,Timber,8,2550,1960,5,3,2,6635,283900,112.0
517,Gilbert,6,1663,1991,2,2,2,10983,233100,79.0
518,Edwards,3,1348,1939,3,1,1,15788,184300,69.0
519,NridgHt,7,1509,2010,3,3,1,10438,342100,37.0
520,BrkSide,3,1266,1943,4,1,2,10952,135400,70.0
521,BrkSide,3,1579,1930,3,3,3,15808,183500,112.0
522,NWAmes,6,2268,1922,3,2,2,16320,246600,104.0
523,Somerst,5,1550,2004,4,2,2,15676,250100,
524,OldTown,2,1628,1934,4,1,1,2552,142100,
525,Somerst,6,1449,2001,3,1,2,17965,288500,49.0
526,NWAmes,3,1003,1917,3,2,2,13233,161000,51.0
527,BrDale,3,1688,1955,3,1,3,20991,159100,98.0
528,BrDale,3,2024,1947,3,2,3,10309,184300,106.0
529,Edwards,3,1612,1950,4,1,2,6051,208000,74.0
530,Gilbert,8,2325,1926,4,3,2,13675,285000,63.0
531,Edwards,5,1031,1910,3,3,2,10098,156900,104.0
532,Edwards,5,1092,1940,4,1,1,13471,201800,48.0
533,NWAmes,3,1485,1959,2,3,0,15732,183100,71.0
534,OldTown,4,1494,1989,3,2,1,11682,189600,80.0
535,NridgHt,8,1952,1971,4,3,2,12061,367700,51.0
536,Veenker,5,1822,1940,3,2,2,14473,253600,56.0
537,CollgCr,7,2200,1937,4,3,1,12502,280600,54.0
538,Somerst,5,2130,1979,4,2,2,12070,268400,101.0
539,Timber,6,2027,1959,3,3,2,16683,295400,
540,BrkSide,4,2049,2001,4,2,1,17507,167900,
541,BrDale,4,1622,1948,3,3,1,16037,175100,64.0
542,OldTown,4,1579,1964,4,2,1,11569,175300,57.0
543,BrkSide,4,1992,1909,4,3,1,5494,203600,70.0
544,BrDale,4,1277,1921,3,2,2,11035,158700,58.0
545,Somerst,5,2785,2005,5,1,1,11917,318100,
546,CollgCr,6,2111,1946,4,4,1,12767,268300,79.0
547,NWAmes,6,2113,1954,3,2,2,10877,255800,61.0
548,NoRidge,8,2523,1985,4,3,2,13973,387900,66.0
549,Edwards,4,2276,1908,4,2,2,9914,213000,66.0
550,CollgCr,7,2437,1964,5,3,2,9391,293000,63.0
551,CollgCr,6,1418,1947,4,2,1,16115,198700,60.0
552,Somerst,6,2471,1928,5,3,2,10548,268300,87.0
553,Timber,6,1860,1958,4,2,2,12721,302900,31.0
554,IDOTRR,6,2017,1949,4,3,3,16374,180700,105.0
555,StoneBr,6,1532,1940,2,2,2,15264,334000,73.0
556,Gilbert,7,2344,1967,4,3,2,16469,287700,83.0
557,Gilbert,3,1212,1990,3,1,3,12484,207300,86.0
558,CollgCr,6,2015,1938,4,2,2,15564,224100,54.0
559,OldTown,6,1880,2008,4,2,2,17565,209800,50.0
560,CollgCr,6,2653,1976,5,2,2,15793,322100,47.0
561,NoRidge,8,3033,2006,4,3,3,8635,381200,65.0
562,Gilbert,5,1816,1915,3,2,2,10782,220500,85.0
563,BrkSide,4,1642,1986,5,2,2,14721,174000,57.0
564,OldTown,4,1489,1939,4,3,2,9783,202600,83.0
565,OldTown,4,2007,1980,3,1,1,18684,193200,
566,Edwards,4,1504,1990,3,2,2,11786,180500,62.0
567,Edwards,5,1652,1929,3,2,3,12602,223400,96.0
568,StoneBr,7,2502,1948,4,2,3,17940,370100,66.0
569,NWAmes,5,1611,1914,4,2,2,11582,212300,52.0
570,OldTown,3,1426,1968,5,2,2,12468,154100,56.0
571,NWAmes,6,1426,1993,3,3,1,14998,261800,21.0
572,BrkSide,5,2046,1947,4,2,2,7939,204600,48.0
573,CollgCr,6,2659,1926,3,3,3,13319,253000,93.0
574,Edwards,6,2232,1936,3,3,3,16366,191400,57.0
575,BrkSide,5,2311,1946,5,2,1,13851,186400,60.0
576,CollgCr,6,1683,2009,4,2,2,17501,241200,21.0
577,IDOTRR,4,1702,1913,1,1,3,6888,135200,34.0
578,OldTown,4,1289,1939,4,2,2,5662,155300,96.0
579,BrkSide,4,1540,1972,5,2,3,14773,175000,
580,NWAmes,8,2610,1934,3,2,2,17250,276100,
581,CollgCr,5,1835,2006,5,1,2,11993,289700,
582,CollgCr,5,1305,2009,1,2,2,13011,240100,69.0
583,Somerst,7,1699,1953,4,2,3,15006,278800,
584,NWAmes,6,1496,1990,3,2,3,9143,261500,
585,MeadowV,2,1432,1983,1,2,1,9390,143800,66.0
586,OldTown,6,2702,1976,5,1,2,15068,244500,83.0
587,Timber,6,2456,1932,5,2,3,17076,300100,83.0
588,NWAmes,4,956,1913,3,2,2,6831,204600,
589,Timber,8,2837,1950,5,3,2,13981,369700,36.0
590,NridgHt,9,2847,1935,4,4,3,13839,406900,71.0
591,MeadowV,2,719,1932,1,1,2,11900,104400,64.0
592,CollgCr,8,2233,1979,4,3,2,13435,296200,68.0
593,Gilbert,6,2363,1972,5,3,2,11815,254100,65.0
594,OldTown,4,1812,1925,4,2,1,16993,190300,
595,NridgHt,10,2241,1922,2,3,2,11594,349500,21.0
596,Gilbert,6,2193,1932,3,2,2,12363,236500,96.0
597,Edwards,5,1051,1952,2,2,2,5531,186500,
598,OldTown,4,1542,1987,2,2,1,9586,203800,37.0
599,BrDale,5,2198,1940,4,2,1,15202,200800,80.0
600,OldTown,5,1806,1933,4,1,1,13734,206900,60.0
601,CollgCr,6,1805,1969,2,3,2,14708,266400,61.0
602,Edwards,4,1931,1909,4,3,0,14790,182300,53.0
603,IDOTRR,4,1961,1924,4,2,1,20228,162200,82.0
604,Edwards,4,2078,1906,3,1,0,10538,197400,52.0
605,BrDale,3,1746,1957,3,2,2,6824,189600,46.0
606,BrkSide,3,1818,1950,2,2,0,8959,171300,95.0
607,IDOTRR,5,2056,1964,3,1,2,10649,192000,66.0
608,Somerst,3,1532,1979,3,1,3,8653,278500,67.0
609,Edwards,5,1831,1945,4,1,3,12989,205500,
610,CollgCr,5,1716,2004,4,2,1,16816,251900,55.0
611,OldTown,6,1555,2003,3,2,2,17498,218800,60.0
612,OldTown,4,1285,1914,3,1,1,13335,163700,77.0
613,BrDale,5,1701,2001,4,2,1,19896,174000,36.0
614,BrDale,4,1704,1921,4,2,2,11160,178300,75.0
615,Gilbert,6,2484,1935,4,3,3,8254,269400,53.0
616,Edwards,5,1785,1960,4,2,2,16256,235400,89.0
617,Edwards,4,1971,1905,3,1,1,6506,198800,
618,NWAmes,7,2537,1948,4,2,3,11431,271200,79.0
619,Somerst,5,1718,1933,4,2,0,14256,260900,
620,StoneBr,8,2548,1973,4,3,2,13737,374000,68.0
621,BrkSide,6,1894,1991,4,2,1,12119,234500,44.0
622,CollgCr,7,2622,2010,4,2,2,10111,288500,
623,BrDale,6,2202,1923,4,2,2,13366,205200,
624,CollgCr,5,1383,1968,3,2,2,15278,237900,36.0
625,BrDale,3,1496,1952,3,3,1,12061,159300,96.0
626,NWAmes,4,2196,1953,3,1,2,10486,228300,78.0
627,BrkSide,5,1736,1971,4,2,2,8105,210300,62.0
628,NoRidge,8,2496,2010,4,4,2,11158,385000,50.0
629,OldTown,5,1991,1946,4,2,2,14355,227200,46.0
630,BrkSide,3,1077,1909,2,1,2,12356,154100,74.0
631,MeadowV,5,1978,2000,5,3,2,10154,188000,62.0
632,BrkSide,3,952,2004,2,1,1,3166,177100,
633,NridgHt,9,2301,1956,3,3,2,15072,359700,66.0
634,NWAmes,9,2896,1963,4,3,3,11650,330200,71.0
635,StoneBr,8,2464,2010,3,2,2,16339,392300,39.0
636,Somerst,7,2053,1967,5,3,3,10459,316900,62.0
637,Edwards,4,1776,1954,5,2,1,9094,194700,
638,Edwards,2,1238,2003,4,2,1,12012,156900,62.0
639,BrkSide,4,1624,1993,3,2,1,20499,189700,59.0
640,IDOTRR,3,1669,1955,5,1,3,14959,177500,77.0
641,Edwards,3,1185,1919,3,2,1,11846,147000,103.0
642,BrkSide,7,2174,1950,4,3,2,14603,248400,73.0
643,StoneBr,8,2230,1994,5,3,2,7331,373800,95.0
644,Gilbert,6,1425,1937,4,3,2,7921,219700,84.0
645,OldTown,4,1297,1961,5,2,1,2805,208200,94.0
646,BrkSide,4,2168,1974,4,2,2,19390,206300,57.0
647,NridgHt,9,2654,1930,4,3,0,19653,349500,65.0
648,CollgCr,6,1516,1971,3,2,2,13406,237000,66.0
649,Edwards,5,1260,1983,2,1,2,11992,218500,82.0
650,NridgHt,8,2300,1944,4,3,3,8169,401700,87.0
651,NWAmes,5,2346,1968,5,2,3,12924,282300,
652,IDOTRR,2,1194,1978,3,1,1,17661,167200,89.0
653,Edwards,2,1717,1906,3,2,2,12893,188600,58.0
654,Gilbert,5,1923,1978,3,2,1,10869,254200,89.0
655,BrkSide,5,1964,1930,4,2,2,6774,204800,92.0
656,NWAmes,4,1152,1951,4,2,1,16135,219400,
657,BrkSide,4,1948,1973,4,2,1,12650,206400,73.0
658,Gilbert,6,1862,1908,4,1,2,6575,229500,86.0
659,OldTown,2,1562,1903,3,2,2,8889,173500,50.0
660,NWAmes,5,1515,1957,4,2,2,7558,260200,74.0
661,Gilbert,6,2041,2010,1,2,3,12620,267500,77.0
662,IDOTRR,5,1923,1900,4,2,1,13571,168200,
663,Timber,5,1746,1998,6,2,3,10730,287600,80.0
664,NoRidge,8,2481,1929,3,4,2,16681,350700,
665,NWAmes,7,2066,1961,4,3,2,13407,242400,61.0
666,Edwards,5,1572,1949,3,2,2,15862,215000,71.0
667,BrkSide,4,2181,1953,3,2,2,12111,193000,54.0
668,BrDale,4,1987,1909,4,2,2,23632,177600,72.0
669,Gilbert,5,1533,1990,4,2,1,10090,224400,71.0
670,NWAmes,6,2178,1938,4,2,3,10194,285100,52.0
671,Somerst,6,1720,1996,4,2,3,8847,297500,82.0
672,OldTown,5,1385,1974,3,2,1,11031,182800,53.0
673,BrDale,4,1981,1960,6,2,0,6943,155000,120.0
674,Edwards,6,1383,1935,3,2,2,12796,188300,68.0
675,OldTown,5,2124,1973,4,2,2,6579,222900,44.0
676,NWAmes,7,2071,2010,2,2,2,13707,278400,48.0
677,MeadowV,5,1725,2001,3,2,2,7720,190400,95.0
678,CollgCr,5,1943,2009,5,1,2,11551,266600,61.0
679,Somerst,4,1823,1936,2,1,1,14761,261900,40.0
680,NWAmes,7,1870,1972,2,2,2,20804,261800,89.0
681,NoRidge,8,2591,1964,4,2,3,10408,384900,61.0
682,Timber,4,1659,2010,4,2,2,11791,248000,
683,NridgHt,7,1720,2010,3,2,1,9906,392400,
684,CollgCr,7,2100,2004,3,2,1,10155,272200,76.0
685,OldTown,4,2103,1919,2,3,2,10703,198000,
686,NWAmes,5,2386,1943,4,2,1,16656,261000,
687,CollgCr,8,2591,1987,5,2,1,12473,288600,52.0
688,BrDale,3,1023,1982,1,1,2,18918,155500,64.0
689,Edwards,4,1791,1940,4,2,2,14037,190800,120.0
690,OldTown,5,2097,1917,4,3,2,9658,185300,110.0
691,Gilbert,6,2233,1923,5,3,2,12182,263800,
692,IDOTRR,5,2074,1975,4,2,2,10341,166900,53.0
693,Gilbert,7,2287,1957,4,2,3,16374,308100,55.0
694,Gilbert,6,1954,1962,4,2,2,7172,269400,52.0
695,IDOTRR,5,1587,1989,4,2,0,7480,187000,53.0
696,CollgCr,6,1315,1910,2,3,2,9559,204100,103.0
697,Edwards,5,1918,1984,2,2,2,15226,196100,
698,OldTown,5,1865,1932,3,2,2,17045,223000,68.0
699,OldTown,5,1995,2004,4,2,2,17821,289300,87.0
700,Gilbert,7,1691,2010,4,2,3,14236,290900,33.0
701,Gilbert,6,2205,1963,4,2,2,13119,281000,71.0
702,Gilbert,6,2699,1942,5,2,3,17179,286800,46.0
703,Somerst,5,1827,1937,4,2,3,8648,251300,
704,IDOTRR,4,1598,1919,3,1,2,5739,183100,57.0
705,Gilbert,6,2088,2010,4,1,2,14704,247700,
706,OldTown,5,2511,1922,3,1,0,10502,182500,75.0
707,BrkSide,7,1801,1951,3,2,2,12373,191200,75.0
708,BrkSide,4,1691,1954,4,2,1,12800,200100,65.0
709,CollgCr,6,1700,1983,1,2,2,13268,258300,78.0
710,CollgCr,7,1968,2001,6,3,2,16218,279800,51.0
711,BrDale,4,1602,1961,4,2,2,15116,175600,
712,Edwards,7,2631,1985,4,3,3,14944,231200,65.0
713,BrkSide,4,2250,1964,5,2,2,11952,192900,59.0
714,IDOTRR,4,1776,1948,3,1,3,12929,169200,53.0
715,BrkSide,3,1308,1919,3,2,2,9529,137200,65.0
716,Timber,6,2852,1934,4,1,1,14016,287400,111.0
717,OldTown,5,1650,1949,5,2,1,21463,170600,69.0
718,Somerst,7,1960,1917,4,2,2,13557,288100,45.0
719,OldTown,5,1178,1936,3,3,2,12931,191400,90.0
720,BrDale,6,2468,1950,5,2,1,11466,185800,60.0
721,CollgCr,6,2318,1960,4,3,2,17206,267100,
722,CollgCr,5,2646,1998,4,1,2,16952,313900,57.0
723,NridgHt,10,2213,2010,5,3,2,16111,371600,98.0
724,BrDale,5,2310,1980,6,2,2,14372,214800,57.0
725,Somerst,5,1824,1920,4,3,2,16267,260300,101.0
726,StoneBr,7,2442,1964,4,3,3,18334,380600,47.0
727,Gilbert,4,1043,1988,3,2,1,12076,218600,64.0
728,NoRidge,9,3033,1986,6,4,3,14664,393400,
729,CollgCr,5,2075,1959,3,2,1,16280,253700,74.0
730,CollgCr,6,1966,1956,3,3,1,9767,258300,120.0
731,Gilbert,6,2205,1952,3,2,1,10897,253700,64.0
732,StoneBr,9,2252,1983,3,3,3,13317,351300,76.0
733,Somerst,5,1597,1931,3,1,3,6099,281400,
734,NWAmes,4,1457,1964,3,1,1,14810,239800,37.0
735,StoneBr,8,1691,1942,5,3,2,9011,320100,34.0
736,Edwards,5,2101,1976,4,1,2,11551,208600,52.0
737,Veenker,7,2577,2008,3,3,3,13407,319800,
738,Gilbert,5,1554,1963,3,3,1,12245,210300,35.0
739,NWAmes,6,2101,1950,5,2,2,11999,223500,83.0
740,NWAmes,5,1707,2010,4,1,1,12178,231800,82.0
741,NridgHt,7,2274,1993,4,2,2,13339,357500,114.0
742,Somerst,5,1580,1959,3,1,3,10595,237700,93.0
743,IDOTRR,6,1670,1903,4,2,2,9633,183500,78.0
744,NridgHt,9,2888,1922,4,3,2,18561,405300,100.0
745,CollgCr,7,2137,1933,4,2,3,5908,290700,82.0
746,CollgCr,7,2867,1935,6,3,2,14013,289000,60.0
747,NWAmes,9,2536,1987,4,2,3,12430,271800,45.0
748,CollgCr,4,1295,1964,2,3,3,13055,246400,57.0
749,BrkSide,4,2049,2010,4,1,2,8007,210300,69.0
750,BrkSide,4,1840,1961,3,2,1,10930,195600,74.0
751,Gilbert,5,2054,2007,3,3,3,12749,297900,23.0
752,Gilbert,4,2036,1968,4,2,2,16817,227700,
753,Gilbert,5,1571,1947,4,2,2,13304,182000,
754,CollgCr,4,1575,1987,3,2,2,8007,221500,82.0
755,Edwards,5,1739,1951,3,2,2,10771,208100,
756,Gilbert,6,1528,1938,3,2,3,15157,244400,74.0
757,NWAmes,6,1887,1960,3,3,2,8571,231000,50.0
758,MeadowV,5,2267,1973,3,3,2,13258,173100,30.0
759,StoneBr,9,2603,1961,3,3,2,14174,369500,85.0
760,CollgCr,5,1328,1986,5,2,2,10305,219000,51.0
761,Edwards,7,1615,2009,4,3,2,21665,231700,89.0
762,Somerst,7,2742,1957,5,2,2,13039,299400,101.0
763,StoneBr,6,1948,1952,4,2,2,14470,320600,36.0
764,Somerst,5,1573,1956,4,1,2,9463,244200,82.0
765,MeadowV,2,1164,1992,3,1,1,13175,146900,98.0
766,NridgHt,8,1822,1940,4,4,3,15691,355500,92.0
767,Timber,6,2478,2010,4,2,3,11898,313300,24.0
768,NridgHt,7,2022,1966,4,2,2,12852,355200,51.0
769,Somerst,9,2998,2004,5,3,3,11862,342100,42.0
770,OldTown,5,1818,1988,3,1,2,8630,188100,82.0
771,Gilbert,7,2660,1994,3,2,2,17948,275500,79.0
772,OldTown,3,1529,2001,3,2,0,10118,167900,21.0
773,OldTown,3,1738,1922,3,2,1,4028,208800,63.0
774,BrkSide,4,1871,1967,2,1,1,18920,165700,88.0
775,NridgHt,8,2558,1931,5,3,1,11308,356200,
776,BrkSide,2,1381,1934,4,1,2,10899,161100,73.0
777,OldTown,4,1538,1906,5,3,2,17819,170700,62.0
778,Somerst,6,2650,1987,4,2,2,13803,320900,
779,BrkSide,4,1302,1968,3,2,0,11032,163600,70.0
780,BrkSide,3,1441,1983,2,3,0,7583,163600,71.0
781,Gilbert,5,1805,1927,4,1,2,6888,251300,84.0
782,MeadowV,4,1760,1936,4,2,3,11937,207400,85.0
783,CollgCr,6,1829,1983,3,2,2,13927,288200,72.0
784,OldTown,5,1910,1992,3,1,2,13889,207600,
785,BrDale,5,1740,1997,2,2,1,10795,188300,62.0
786,NWAmes,5,1246,1916,4,2,2,11562,219900,38.0
787,BrkSide,4,1623,1946,3,2,3,5815,191900,80.0
788,Gilbert,6,1594,1909,3,2,2,13798,220200,
789,BrkSide,5,1192,1992,2,2,1,11948,200300,81.0
790,OldTown,4,1667,1915,3,2,3,19241,190100,42.0
791,Veenker,7,2330,2003,4,2,2,13686,310200,109.0
792,NWAmes,7,2344,1925,4,2,3,10388,249500,86.0
793,Gilbert,7,2358,1909,4,2,2,13538,266000,64.0
794,NoRidge,10,2023,2010,5,3,4,11898,356100,
795,NridgHt,7,1683,1969,4,2,2,13887,332600,94.0
796,NWAmes,6,2670,1954,5,2,2,14434,263600,46.0
797,NridgHt,8,1973,1992,5,2,2,8536,368500,120.0
798,Timber,6,2193,1942,4,2,2,7660,318300,57.0
799,Edwards,4,1379,1977,3,2,2,12678,196300,108.0
800,Edwards,3,1467,1949,4,1,1,16774,196500,66.0
801,Edwards,5,1578,1931,4,3,3,12433,207900,105.0
802,Gilbert,5,1996,1951,4,2,2,15838,266600,
803,IDOTRR,4,1667,1900,2,2,1,15878,192100,
804,OldTown,4,1463,1935,3,2,0,12859,156100,88.0
805,Somerst,5,1432,1977,3,2,1,9013,238400,85.0
806,Somerst,7,2253,1927,5,2,3,14189,304700,94.0
807,Edwards,5,1375,1915,3,2,1,15974,177600,59.0
808,Timber,7,2309,1984,5,2,2,15472,307200,72.0
809,CollgCr,8,3259,1956,6,2,2,18136,309600,97.0
810,BrDale,4,2092,1915,5,1,2,11565,170500,54.0
811,NridgHt,9,2771,2003,5,2,3,13833,429800,83.0
812,NridgHt,7,2130,2006,3,3,2,12844,342400,65.0
813,BrDale,3,761,1903,3,2,0,10342,136200,75.0
814,OldTown,6,1517,1924,3,3,2,16121,204200,
815,Somerst,5,2248,1952,3,3,2,5280,247600,
816,IDOTRR,3,1163,1980,3,2,3,11432,146000,64.0
817,IDOTRR,4,1375,1908,4,2,3,11471,150000,73.0
818,OldTown,4,1562,1990,4,1,1,7323,197100,68.0
819,OldTown,3,1068,1937,5,2,1,13487,149000,105.0
820,Gilbert,5,1370,1921,3,2,1,9204,216800,92.0
821,StoneBr,9,2502,2010,6,4,4,12754,365600,76.0
822,OldTown,4,1307,1911,3,2,2,18084,212400,53.0
823,Gilbert,4,1360,1922,3,3,2,15254,216600,52.0
824,Edwards,6,1706,2006,2,2,2,14422,225300,
825,BrkSide,5,1982,1959,5,3,3,14296,199900,48.0
826,NridgHt,7,2078,1971,3,3,3,12579,347700,73.0
827,OldTown,3,1377,1977,3,1,2,18751,210800,78.0
828,Gilbert,5,2008,1977,5,2,2,15823,216800,
829,IDOTRR,4,1570,1967,4,1,1,9516,173000,48.0
830,Gilbert,7,2062,1910,5,2,3,8223,240000,
831,OldTown,3,1604,1962,3,2,2,14191,172800,58.0
832,OldTown,4,1853,1932,4,2,2,12510,178200,54.0
833,NWAmes,6,1928,1996,4,2,2,7854,242800,
834,Edwards,2,1288,1957,4,2,2,13076,164500,
835,Edwards,6,1706,1915,5,1,3,11470,158700,58.0
836,OldTown,3,1138,1999,3,2,1,13133,163000,72.0
837,Edwards,5,2069,1933,5,2,2,14684,203700,85.0
838,BrDale,4,1775,1929,4,2,2,10421,150500,
839,CollgCr,7,2319,2010,4,3,3,15852,321700,
840,CollgCr,6,2078,1994,4,3,2,11413,261200,42.0
841,NridgHt,5,1816,2010,5,2,3,11116,338900,96.0
842,BrkSide,4,1863,1974,5,1,2,10863,185300,70.0
843,CollgCr,6,2307,2009,5,2,2,17572,279500,69.0
844,NWAmes,5,2118,1920,4,2,3,12253,272700,55.0
845,NoRidge,8,2304,1986,4,2,2,18411,412300,43.0
846,IDOTRR,5,2285,1932,4,2,2,19812,208200,33.0
847,NWAmes,6,2059,1951,5,2,1,10532,270700,53.0
848,Edwards,4,1841,1928,4,1,2,2458,221000,83.0
849,Somerst,4,1718,1934,4,2,1,16091,249500,49.0
850,BrDale,4,1706,1948,3,1,2,11215,204700,36.0
851,Timber,7,1902,2010,3,2,2,9772,310800,50.0
852,Timber,5,2045,1981,4,2,2,11029,281900,62.0
853,BrkSide,5,2795,1940,4,3,2,13138,230300,62.0
854,MeadowV,5,1668,1947,5,2,2,16876,144400,67.0
855,Veenker,7,2184,1971,4,2,1,13927,301400,93.0
856,CollgCr,2,1103,1935,3,1,1,15698,169100,97.0
857,Edwards,3,1269,1959,2,2,2,13267,142400,114.0
858,IDOTRR,6,4500,1976,5,3,1,12957,145000,34.0
859,NWAmes,5,1564,1934,4,2,2,10761,211100,
860,CollgCr,3,1274,1973,4,2,0,13513,211400,85.0
861,Edwards,6,1424,1979,3,3,2,14719,206100,60.0
862,Edwards,5,1534,1959,4,1,1,15556,193400,89.0
863,BrkSide,6,1382,1934,3,2,3,10848,180000,75.0
864,OldTown,5,2021,1962,4,2,1,13655,218900,105.0
865,Somerst,7,3139,1999,5,2,1,17322,318900,93.0
866,IDOTRR,5,1671,1924,3,1,2,10998,184000,93.0
867,IDOTRR,5,1216,1963,3,1,2,7459,148900,61.0
868,BrkSide,7,2474,1976,4,2,1,11126,229200,68.0
869,NoRidge,9,2265,1956,4,3,3,12686,394000,63.0
870,Veenker,5,2254,1955,4,2,0,15825,291700,37.0
871,Edwards,5,1701,1999,5,2,1,16808,187600,102.0
872,NridgHt,9,2298,1960,6,3,2,8849,364800,86.0
873,BrDale,6,1917,1965,3,2,3,10743,188600,
874,NWAmes,5,2065,1924,3,3,3,11877,236600,99.0
875,Edwards,6,1900,2003,3,2,3,15581,201100,56.0
876,IDOTRR,5,1626,1965,3,2,2,10403,179700,30.0
877,NWAmes,9,2450,1991,5,3,1,12395,304600,92.0
878,Gilbert,5,1354,1974,4,1,2,6766,218400,42.0
879,OldTown,4,1758,1941,4,2,3,14207,192000,66.0
880,OldTown,4,994,1939,3,1,3,10423,167900,75.0
881,NWAmes,5,1644,1985,3,2,2,9998,261600,
882,OldTown,3,1705,1996,3,1,1,11501,173000,89.0
883,MeadowV,1,1186,1914,3,1,1,15316,110400,83.0
884,CollgCr,5,2006,2002,2,1,3,9494,253000,82.0
885,Timber,7,2137,2003,3,2,1,10328,276400,53.0
886,NWAmes,5,2209,1919,3,2,1,17800,251000,
887,NWAmes,8,2663,1919,5,3,3,14591,285800,37.0
888,Somerst,6,2136,1988,4,2,2,15616,288400,104.0
889,Somerst,8,2664,2004,5,3,2,15734,344000,39.0
890,Edwards,5,2062,1945,2,2,3,13000,236300,62.0
891,NWAmes,7,2006,1978,2,3,2,11792,237800,41.0
892,BrDale,5,1329,2009,4,1,2,14568,196500,54.0
893,Gilbert,7,2307,1943,2,2,1,17682,268600,70.0
894,NoRidge,8,2531,1945,5,4,4,17856,368400,58.0
895,Edwards,5,2181,2010,2,2,2,9212,228300,95.0
896,IDOTRR,5,1472,1930,4,1,3,16511,145500,
897,Gilbert,5,1482,1959,3,2,2,10711,259700,60.0
898,Timber,7,2320,1960,5,1,2,10997,308500,67.0
899,Timber,9,2495,1969,6,3,2,13397,306200,
900,CollgCr,6,1319,1938,1,3,3,14546,235000,90.0
901,CollgCr,6,2111,1983,4,2,3,15113,245100,45.0
902,Gilbert,7,1511,1984,2,2,1,11128,244000,55.0
903,StoneBr,9,2189,1942,4,3,3,16309,357200,80.0
904,CollgCr,6,2453,1961,4,1,2,14395,252600,78.0
905,BrDale,1,1718,1906,4,1,0,10430,149200,47.0
906,OldTown,5,1374,1926,2,2,2,9269,206100,86.0
907,CollgCr,3,1324,2010,4,1,1,13083,224100,
908,Somerst,8,2354,1967,3,2,2,13419,300200,99.0
909,Gilbert,6,2603,1976,5,1,1,9391,278600,82.0
910,Gilbert,7,1987,2005,3,3,2,15939,271400,45.0
911,Edwards,3,1273,1980,2,2,1,9865,151100,58.0
912,IDOTRR,2,1802,1987,5,2,1,18176,150400,58.0
913,IDOTRR,4,1488,1978,3,2,3,7065,172400,
914,BrDale,4,1872,1954,5,2,2,12111,186600,66.0
915,BrDale,4,1102,1969,4,1,3,8754,168400,
916,BrDale,4,1560,1931,3,2,2,8706,173000,39.0
917,NoRidge,10,2119,2010,4,3,2,11534,355400,82.0
918,Somerst,7,1790,1931,4,2,3,18776,292400,
919,Gilbert,7,2453,2005,5,3,2,14407,284900,72.0
920,OldTown,6,1962,1998,4,2,2,10153,266500,76.0
921,NoRidge,10,2588,1936,4,4,3,7775,380700,56.0
922,BrkSide,4,1357,1980,3,3,1,5689,183700,74.0
923,OldTown,2,1182,2010,3,2,2,9486,219800,
924,OldTown,4,1725,1964,4,1,2,10232,195300,96.0
925,Timber,7,2504,1949,4,1,3,13223,306200,64.0
926,Gilbert,4,701,2004,2,2,2,2449,193800,58.0
927,Somerst,6,1688,1968,3,2,3,12055,303800,21.0
928,BrkSide,4,1675,1915,3,1,2,15947,159200,94.0
929,OldTown,6,1945,1929,2,3,1,18569,210400,87.0
930,Edwards,5,1941,1977,3,1,3,6251,206200,58.0
931,Gilbert,6,2073,1958,5,2,1,10341,249300,39.0
932,NWAmes,6,1873,1931,3,3,1,9756,216600,45.0
933,NWAmes,6,1795,1995,4,2,2,13100,280800,80.0
934,Edwards,5,1714,1915,1,2,3,8158,192200,68.0
935,BrkSide,3,1842,1926,4,2,2,18571,156900,85.0
936,Veenker,4,1363,1964,3,2,2,11878,275500,72.0
937,MeadowV,4,1598,1904,3,3,0,11764,140400,91.0
938,Somerst,7,2224,1954,4,3,2,19022,297800,78.0
939,IDOTRR,6,2526,2000,4,2,1,13995,231900,
940,NoRidge,10,2594,2010,2,2,3,15589,409700,24.0
941,Gilbert,8,2675,2003,5,2,1,11722,254200,43.0
942,BrkSide,3,1871,1937,4,2,1,7945,189100,62.0
943,Timber,6,1957,1919,3,1,2,10777,271900,94.0
944,NWAmes,6,1906,1997,3,2,3,20466,259200,111.0
945,CollgCr,9,2404,1950,3,3,2,16023,295100,
946,Gilbert,7,2070,1990,4,3,3,14100,247400,57.0
947,Edwards,6,2278,1915,5,2,2,10138,219400,27.0
948,BrkSide,4,1700,1975,4,1,2,15589,167000,
949,IDOTRR,3,1522,1964,2,2,1,7292,153000,58.0
950,NWAmes,7,1766,2009,4,3,3,7047,274100,135.0
951,CollgCr,5,1461,1920,3,2,2,9965,252600,54.0
952,Gilbert,5,2550,1952,5,3,2,20940,247300,116.0
953,Gilbert,5,1737,2010,4,2,2,19116,275800,86.0
954,Somerst,8,2068,1954,1,3,2,11556,312400,47.0
955,MeadowV,4,2120,1972,4,2,2,10880,178600,
956,IDOTRR,1,1178,1917,2,1,1,5614,104100,87.0
957,BrkSide,5,2002,1982,3,3,1,13277,178300,
958,CollgCr,5,1751,1939,3,2,2,13069,249700,88.0
959,CollgCr,6,1868,1971,4,3,2,115000,248600,
960,CollgCr,6,1920,2005,2,2,3,16027,296000,83.0
961,OldTown,4,1136,1974,4,2,1,10581,159900,70.0
962,CollgCr,7,2129,1961,4,2,1,15204,254100,44.0
963,Somerst,4,1723,1932,3,1,1,9993,249000,68.0
964,Somerst,6,2627,1949,3,3,3,16133,286800,
965,BrDale,5,1830,1993,3,2,3,10884,201100,29.0
966,CollgCr,5,983,1932,4,1,1,12574,234800,74.0
967,BrDale,2,1227,1972,2,2,2,12778,153400,68.0
968,Somerst,7,3118,1965,5,1,3,15476,325900,41.0
969,OldTown,6,2283,1937,4,2,1,16346,217300,63.0
970,Veenker,6,1696,1991,3,3,0,6895,242600,63.0
971,Gilbert,3,1646,1947,2,2,1,8564,221900,
972,NridgHt,9,2260,1952,4,3,3,12574,380000,75.0
973,Somerst,4,1146,1970,3,1,3,6240,261500,93.0
974,MeadowV,4,1498,1983,2,2,1,10571,176800,67.0
975,Gilbert,5,1832,2003,4,2,3,11352,252500,29.0
976,OldTown,3,784,1971,3,2,0,15151,167300,85.0
977,CollgCr,5,1397,1981,3,3,2,12292,237200,
978,NWAmes,5,1803,1994,4,2,2,16209,253100,63.0
979,OldTown,4,1477,1931,1,2,2,13009,173300,47.0
980,Timber,7,2298,1939,4,2,3,11721,308200,72.0
981,BrDale,4,1194,1953,4,2,2,11856,156200,93.0
982,BrkSide,6,2229,1971,5,1,1,16010,246300,
983,Edwards,5,1385,1973,3,1,2,15946,229700,
984,CollgCr,5,2374,1925,4,1,2,13284,275500,108.0
985,Somerst,5,1199,1997,2,3,1,5631,277500,25.0
986,MeadowV,2,877,1940,2,1,0,4741,92100,44.0
987,NWAmes,6,2126,2004,4,2,3,12109,246900,30.0
988,StoneBr,7,2742,1999,4,2,2,6301,364800,84.0
989,NWAmes,3,1550,2010,4,1,1,18382,224200,55.0
990,BrkSide,4,1817,1971,5,2,2,14723,190600,
991,OldTown,3,1446,1960,3,1,2,9667,145700,65.0
992,Edwards,6,1620,1922,2,2,2,8356,219500,78.0
993,BrkSide,2,1088,1945,2,1,0,14774,181800,
994,Veenker,5,1375,2007,4,2,3,7852,297100,42.0
995,MeadowV,5,1352,1942,3,2,3,8140,192000,70.0
996,CollgCr,7,2300,1914,5,1,2,10919,275700,
997,OldTown,4,1226,1928,3,1,1,11851,151200,69.0
998,NridgHt,7,2271,1986,5,2,2,15714,363900,53.0
999,BrDale,5,1344,1969,3,2,1,15862,211000,23.0
1000,Gilbert,3,1543,2010,3,2,2,15743,221900,91.0
1001,StoneBr,6,1808,2010,3,1,1,12618,325200,54.0
1002,CollgCr,5,2292,1967,3,2,2,17155,284900,
1003,Somerst,8,2453,1972,6,3,2,11557,330500,32.0
1004,Somerst,6,2412,2000,4,3,1,7450,277000,38.0
1005,OldTown,5,1535,1907,4,2,3,9721,184500,49.0
1006,NWAmes,7,2179,1973,3,3,2,10536,262400,65.0
1007,MeadowV,7,1816,1952,3,2,2,10420,199500,43.0
1008,Gilbert,5,1655,1994,3,2,0,8952,254400,
1009,Edwards,5,1708,1990,4,1,1,10802,186100,65.0
1010,CollgCr,8,2085,1981,3,1,3,15340,310300,119.0
1011,Edwards,3,1014,1974,2,2,2,17031,169000,33.0
1012,OldTown,6,1485,1978,3,2,0,5931,235500,74.0
1013,CollgCr,5,981,1972,3,2,2,6454,234900,74.0
1014,BrDale,4,1250,1925,4,1,2,8729,157800,47.0
1015,NWAmes,5,2019,1939,4,3,3,15718,260100,72.0
1016,Timber,5,4600,1993,4,2,1,10762,160000,87.0
1017,Edwards,3,961,1970,3,2,0,8387,122700,72.0
1018,BrkSide,5,2426,1928,3,2,1,16360,202100,
1019,StoneBr,9,2297,2010,3,4,2,16941,371500,22.0
1020,CollgCr,6,2092,2010,3,2,3,13118,251500,51.0
1021,IDOTRR,4,1844,1968,2,1,0,9831,169600,102.0
1022,Edwards,5,2031,1927,4,1,2,14007,166000,90.0
1023,BrDale,3,907,2003,3,3,2,9997,149700,82.0
1024,CollgCr,7,2079,1935,4,3,2,12314,273600,97.0
1025,Edwards,6,1413,1949,1,2,3,10032,204600,28.0
1026,Gilbert,9,3376,2002,6,4,1,18989,313700,88.0
1027,MeadowV,4,1061,1957,2,2,1,11996,147400,
1028,NWAmes,5,1433,1934,5,1,3,15490,218400,56.0
1029,Edwards,5,1435,1910,2,2,2,16547,183700,128.0
1030,NWAmes,7,1636,1947,3,2,2,13878,252600,
1031,OldTown,4,2093,1975,2,2,1,11413,182900,22.0
1032,Edwards,4,2467,1980,4,2,2,17575,221800,78.0
1033,CollgCr,6,1813,1933,3,2,1,14255,253200,54.0
1034,IDOTRR,3,977,1917,2,1,2,20065,136400,96.0
1035,CollgCr,5,1017,1986,2,3,4,12119,286300,
1036,OldTown,5,1714,1919,4,2,2,14869,188900,57.0
1037,NWAmes,7,2049,1915,4,2,2,14114,252300,103.0
1038,NWAmes,5,1572,1961,5,2,0,11797,218600,91.0
1039,CollgCr,4,1697,1971,3,2,0,11488,213600,52.0
1040,Somerst,4,1758,1938,4,2,3,13545,269200,
1041,NoRidge,6,2093,1944,3,3,1,15010,320900,81.0
1042,Edwards,3,1329,1927,3,2,1,15698,152300,62.0
1043,OldTown,4,1234,1939,3,2,2,12548,163900,
1044,Edwards,3,1673,1903,4,2,3,10725,160200,71.0
1045,NridgHt,7,2164,1922,5,2,2,12184,316500,47.0
1046,Gilbert,5,2110,1948,5,2,2,8589,240600,
1047,Timber,6,2256,1914,3,3,2,19326,296900,
1048,BrkSide,6,1482,1937,4,2,2,10069,198200,
1049,BrkSide,5,1298,1965,3,2,1,14982,209600,48.0
1050,Gilbert,6,1715,1911,3,2,2,13397,252800,
1051,Edwards,4,1250,1969,2,1,2,12563,190400,
1052,Somerst,6,2244,1980,3,2,3,13076,327900,79.0
1053,Gilbert,6,2102,1971,5,2,2,10446,259100,
1054,Somerst,7,2544,1980,4,2,3,10698,311500,
1055,Gilbert,5,1938,1997,4,1,1,18925,247800,41.0
1056,Edwards,5,1873,1909,3,2,2,13144,223400,56.0
1057,IDOTRR,2,1679,1918,5,2,1,16296,146300,78.0
1058,Timber,7,2324,1946,5,3,2,18495,285200,69.0
1059,OldTown,5,1823,1977,3,2,2,11208,215500,88.0
1060,Edwards,4,2138,1998,4,1,2,14758,196300,91.0
1061,BrDale,6,2020,2001,4,3,4,13197,230300,64.0
1062,OldTown,3,1333,1966,3,1,2,7615,180700,29.0
1063,Gilbert,6,1686,1953,3,2,3,11722,247600,
1064,OldTown,4,1866,1947,4,2,2,14788,202900,68.0
1065,Gilbert,6,2412,1914,5,2,3,12077,237500,
1066,BrDale,4,1602,1951,2,2,1,11067,172000,47.0
1067,NWAmes,6,2437,1964,3,2,3,13267,265700,72.0
1068,Edwards,6,1290,1924,3,3,1,18970,236500,123.0
1069,NridgHt,10,2680,2005,4,3,2,7940,404200,59.0
1070,NWAmes,6,1965,1997,5,3,2,14685,251000,70.0
1071,IDOTRR,5,1545,1933,4,3,3,11203,154400,41.0
1072,OldTown,4,2454,2002,5,2,1,11665,237600,97.0
1073,CollgCr,7,2136,1920,4,1,2,12299,261900,
1074,MeadowV,3,1297,2000,3,2,2,13929,146100,88.0
1075,BrkSide,6,1989,1986,2,2,2,15513,223700,100.0
1076,Gilbert,8,1639,1932,4,3,3,12929,273600,61.0
1077,OldTown,4,1354,1973,4,1,4,15532,204500,63.0
1078,CollgCr,3,1784,1943,5,1,2,17008,230800,108.0
1079,OldTown,4,1399,1989,3,3,1,14655,185100,84.0
1080,NWAmes,7,1869,1925,3,2,1,10826,253300,21.0
1081,Gilbert,6,2438,1934,4,3,2,15606,269700,
1082,MeadowV,4,2089,1933,4,2,1,14925,181100,57.0
1083,MeadowV,5,1980,1921,2,2,2,10105,200900,90.0
1084,BrkSide,5,1640,1938,4,2,2,6786,192300,
1085,BrDale,6,1896,1966,4,1,2,5712,186300,32.0
1086,Edwards,6,1698,1971,3,2,3,12640,212200,76.0
1087,Edwards,6,1631,1962,2,2,1,13305,214900,75.0
1088,Edwards,5,1434,1922,3,2,2,7731,153500,78.0
1089,CollgCr,7,1943,1931,5,3,3,16547,237700,83.0
1090,CollgCr,5,1437,2010,5,2,2,12406,265300,103.0
1091,Gilbert,5,1252,1935,3,1,3,16227,255000,79.0
1092,OldTown,7,2236,1913,5,3,2,14768,198200,71.0
1093,Gilbert,6,2062,1957,4,2,3,9391,264100,95.0
1094,Gilbert,7,2755,1908,5,2,2,16113,268600,119.0
1095,OldTown,5,1566,1939,3,2,2,14477,186200,90.0
1096,NWAmes,5,1903,2002,3,2,2,10889,258400,75.0
1097,Veenker,6,2089,1942,3,2,3,8130,267000,80.0
1098,BrkSide,6,1891,1979,2,3,1,13133,188700,76.0
1099,BrkSide,5,2060,1955,5,2,1,9617,195700,70.0
1100,Timber,4,1891,1951,3,2,2,16705,259000,
1101,NridgHt,8,2454,1993,3,2,0,12482,346700,54.0
1102,NWAmes,8,2250,1973,3,3,3,19536,300600,
1103,BrkSide,4,1494,1937,3,1,2,4553,171500,67.0
1104,BrkSide,2,781,1926,4,1,1,11033,128500,37.0
1105,Somerst,9,2237,2010,6,2,2,18476,323300,66.0
1106,BrkSide,5,1582,1920,2,3,1,9047,179100,58.0
1107,Somerst,6,1586,2010,3,3,2,11614,291000,83.0
1108,NWAmes,5,1953,1959,3,2,1,11495,224800,72.0
1109,BrDale,5,2218,2009,5,3,1,11042,179600,48.0
1110,Timber,6,1662,1950,4,3,1,13180,260500,102.0
1111,Somerst,8,2439,1974,4,2,2,9344,310400,94.0
1112,CollgCr,6,1618,1976,3,2,2,11847,233400,
1113,OldTown,5,1693,1939,3,2,3,14191,174400,75.0
1114,MeadowV,4,1378,1923,4,1,1,11003,155000,69.0
1115,BrDale,4,1830,1957,4,2,2,9159,167900,85.0
1116,NoRidge,9,2282,1993,4,3,2,17169,350200,57.0
1117,Somerst,5,2154,1940,2,1,1,15863,283600,73.0
1118,BrkSide,3,1353,1986,3,1,0,8061,154500,66.0
1119,Gilbert,6,1752,1978,5,2,1,7974,268000,38.0
1120,IDOTRR,5,1361,1918,4,3,1,8390,161900,
1121,Edwards,5,1888,2005,2,1,2,14684,218600,60.0
1122,Somerst,7,2473,1916,4,2,3,14910,293100,65.0
1123,BrkSide,4,1715,1973,2,2,0,15195,133900,
1124,Timber,7,2943,1960,6,3,2,13744,296200,98.0
1125,CollgCr,6,2480,1980,4,2,1,10723,273300,51.0
1126,OldTown,4,1512,1987,3,3,1,15239,191600,63.0
1127,CollgCr,5,1688,1984,3,2,3,10438,223900,53.0
1128,Edwards,7,2324,1973,2,2,2,14300,234700,52.0
1129,OldTown,2,966,1994,2,2,1,5507,134800,57.0
1130,BrDale,5,2208,1977,4,2,3,11421,212900,66.0
1131,BrDale,2,1386,1989,4,2,2,15304,158500,
1132,CollgCr,6,2069,1953,2,1,1,10631,272600,
1133,NoRidge,7,2400,1943,4,2,2,16650,373900,47.0
1134,Edwards,2,1862,1927,4,2,1,4565,177800,98.0
1135,BrDale,5,1859,1967,2,3,2,10760,207600,91.0
1136,Gilbert,5,1760,1966,4,1,2,11920,236100,
1137,CollgCr,3,1968,1917,4,2,1,19034,276700,97.0
1138,CollgCr,7,2498,1931,5,2,2,9904,258300,77.0
1139,StoneBr,10,2587,2010,4,2,3,16522,387700,67.0
1140,Edwards,6,1981,1981,4,1,2,16661,235800,78.0
1141,NWAmes,6,2048,1991,4,1,3,10570,281500,
1142,BrkSide,5,1926,1923,3,2,2,11544,205300,82.0
1143,BrkSide,6,1505,1909,3,2,2,12505,202400,74.0
1144,BrkSide,6,1440,1934,3,3,3,6694,160400,63.0
1145,NWAmes,7,1849,2002,3,2,2,11105,296000,25.0
1146,Gilbert,4,1282,1963,4,1,1,16030,211800,82.0
1147,Edwards,5,1574,1988,4,2,0,13977,213800,
1148,BrkSide,5,2022,1955,3,2,2,12495,168400,87.0
1149,CollgCr,4,1560,1962,3,2,1,12515,235200,81.0
1150,IDOTRR,5,1868,1966,5,2,2,14769,179000,
1151,Somerst,9,2091,2010,3,3,1,15885,319400,93.0
1152,IDOTRR,5,1638,1948,3,2,1,10328,180200,75.0
1153,NoRidge,10,2905,1986,4,2,3,20181,412200,
1154,Somerst,6,2188,2010,4,2,1,17983,268800,67.0
1155,OldTown,4,1366,1942,2,2,2,14102,176800,
1156,NoRidge,8,2396,2010,5,3,2,10841,371400,
1157,StoneBr,7,2929,1978,4,2,2,11287,381000,63.0
1158,NridgHt,7,2153,2010,5,3,3,12162,386400,43.0
1159,CollgCr,7,1917,1960,3,4,3,13046,276900,86.0
1160,BrkSide,6,1919,1971,3,2,2,6648,190000,57.0
1161,NridgHt,7,2192,1956,5,3,2,15115,356900,
1162,OldTown,6,1927,1971,4,3,2,17360,261700,59.0
1163,BrkSide,4,1609,1937,4,1,2,14235,211800,71.0
1164,Timber,7,1654,1979,4,2,1,9941,225500,
1165,Somerst,7,1823,1998,3,2,2,9865,289600,21.0
1166,IDOTRR,5,1747,1947,3,2,2,13543,199200,80.0
1167,BrkSide,5,1742,1949,3,2,2,11947,192800,
1168,OldTown,6,1781,1937,4,2,1,14112,191200,89.0
1169,BrkSide,5,1738,1982,3,2,1,14582,192100,104.0
1170,NoRidge,9,2541,1986,5,3,3,17903,397300,
1171,NWAmes,5,2111,1964,4,2,3,9259,236200,
1172,Edwards,7,2125,1904,4,2,1,14025,234100,69.0
1173,Gilbert,6,2119,1920,4,1,2,11965,251200,105.0
1174,Edwards,5,1610,1902,3,2,3,11874,175100,60.0
1175,CollgCr,4,1820,2002,3,1,2,15665,270300,21.0
1176,Edwards,4,1751,1995,3,2,1,15907,166800,
1177,CollgCr,7,2463,1916,5,3,2,18820,266600,108.0
1178,NWAmes,6,2229,1913,3,2,2,14947,243700,82.0
1179,Veenker,4,1826,1998,3,1,2,12266,310600,59.0
1180,Veenker,8,2305,1970,4,3,2,12724,300100,77.0
1181,Edwards,4,1705,1935,4,2,2,6338,148800,
1182,Somerst,8,2712,1979,4,2,2,19113,307400,68.0
1183,NoRidge,8,2111,1947,5,3,3,12095,368500,128.0
1184,Timber,7,1940,1933,3,3,2,14650,297900,59.0
1185,Timber,8,2403,1952,4,3,2,16182,349100,
1186,BrkSide,3,1585,2000,3,1,2,7811,210200,87.0
1187,NWAmes,4,1331,1992,2,3,3,8430,235500,55.0
1188,BrDale,4,1593,1920,2,2,1,17600,147200,
1189,Somerst,7,2127,1973,3,3,3,14270,326700,92.0
1190,OldTown,3,664,1999,3,1,1,8295,148800,73.0
1191,CollgCr,4,1543,2010,3,2,2,11643,231900,77.0
1192,NWAmes,7,2104,1991,3,1,3,17009,270000,34.0
1193,IDOTRR,3,1383,1914,4,1,1,15036,122700,84.0
1194,BrDale,4,2115,1926,5,2,3,8098,180500,76.0
1195,IDOTRR,2,834,1924,4,1,2,16387,124500,69.0
1196,Timber,6,1691,1928,3,3,1,15763,276000,78.0
1197,Veenker,6,1065,1932,2,2,2,10596,247800,61.0
1198,OldTown,6,1811,1936,5,2,3,8450,187400,57.0
1199,Gilbert,5,1661,1969,4,1,2,16011,211300,65.0
1200,Edwards,7,1981,1945,3,2,1,14629,219800,60.0
1201,OldTown,4,2007,1948,4,2,2,7911,198100,118.0
1202,OldTown,4,1921,1929,4,3,2,12029,181000,90.0
1203,BrkSide,6,2007,1918,3,2,2,23955,197500,49.0
1204,Edwards,5,1670,2010,4,2,3,12397,220100,115.0
1205,NridgHt,7,2519,1986,5,2,2,11441,394500,60.0
1206,StoneBr,8,2333,1945,3,3,2,10136,343400,71.0
1207,OldTown,6,1693,1991,3,3,3,18588,218400,
1208,CollgCr,8,1739,2000,3,3,2,15445,296700,27.0
1209,Gilbert,5,1645,2010,3,1,3,17216,238100,
1210,CollgCr,6,2244,1926,3,1,1,14356,259000,
1211,Edwards,5,2596,1972,5,2,2,18581,226500,75.0
1212,BrkSide,3,1461,2009,3,2,2,8952,159400,78.0
1213,OldTown,4,1352,1990,3,1,3,12273,194100,68.0
1214,NWAmes,6,1565,1932,3,2,1,13134,234400,67.0
1215,Gilbert,7,2353,2006,3,3,2,18544,292200,93.0
1216,CollgCr,7,1542,1955,4,2,3,13199,241500,77.0
1217,Gilbert,5,1992,1961,5,3,1,10794,243200,71.0
1218,OldTown,4,1906,1963,4,2,1,13036,216600,73.0
1219,Edwards,5,1952,1986,3,1,2,7036,249000,110.0
1220,NoRidge,7,2083,1934,4,2,2,5042,367200,74.0
1221,NridgHt,9,2717,1980,3,3,1,17343,363800,59.0
1222,Veenker,6,2039,2002,4,2,1,11766,297800,28.0
1223,IDOTRR,3,1167,1960,5,1,2,10419,143800,38.0
1224,OldTown,3,2087,1932,4,3,0,16082,183300,60.0
1225,Timber,8,2216,1918,4,2,2,18321,282900,68.0
1226,IDOTRR,4,1891,1960,4,2,1,14652,144900,58.0
1227,CollgCr,8,1493,1986,5,2,3,18734,268800,
1228,CollgCr,5,2246,1969,5,2,3,15251,282100,57.0
1229,MeadowV,4,2134,2007,2,2,1,14325,193200,50.0
1230,StoneBr,10,2710,1986,5,3,3,15261,403600,83.0
1231,Veenker,5,1995,1968,6,2,1,8490,278200,
1232,OldTown,2,1455,1908,4,1,1,15255,160500,46.0
1233,Timber,8,2115,1973,3,3,4,4670,323400,75.0
1234,Edwards,4,1811,1920,4,1,1,10570,177900,28.0
1235,Veenker,6,1696,1992,2,2,2,12472,284800,38.0
1236,NoRidge,7,1946,1938,5,3,2,10127,372500,57.0
1237,Veenker,7,2554,2010,3,3,3,12526,326100,95.0
1238,CollgCr,5,2141,1942,4,1,0,19719,247000,53.0
1239,Timber,6,1732,1959,3,1,2,16328,276500,52.0
1240,Somerst,7,1903,1927,3,2,2,10405,274000,71.0
1241,BrkSide,3,1214,1925,4,2,1,9784,148200,71.0
1242,Gilbert,5,2056,2009,4,1,2,8642,262200,53.0
1243,NWAmes,5,1450,1939,3,2,3,14367,224800,114.0
1244,StoneBr,6,2104,1976,3,2,1,12333,333000,
1245,NWAmes,5,2061,2010,2,2,3,6239,249500,72.0
1246,Gilbert,6,1949,1976,3,3,1,13250,254400,61.0
1247,OldTown,4,1973,1906,4,2,3,14482,203800,80.0
1248,Veenker,6,1873,1952,4,2,2,16116,277200,97.0
1249,IDOTRR,4,1545,1942,3,1,1,11833,126700,107.0
1250,MeadowV,3,1097,1930,4,2,1,9889,147700,53.0
1251,NoRidge,9,2876,1947,4,2,2,21703,386900,94.0
1252,Somerst,8,2071,1967,4,2,2,13165,279900,82.0
1253,Somerst,6,2102,1953,3,2,1,15722,289100,91.0
1254,OldTown,5,1775,1934,4,3,2,10661,170600,68.0
1255,Somerst,6,1611,1957,5,2,1,14636,280900,66.0
1256,BrkSide,5,1586,1939,2,2,1,7077,183900,
1257,Edwards,6,2464,1927,4,1,1,12310,177500,91.0
1258,BrkSide,5,1870,1951,5,2,1,8511,198200,104.0
1259,CollgCr,4,1266,2010,2,2,1,9414,223700,74.0
1260,BrDale,5,1906,1955,4,3,2,17188,181200,68.0
1261,StoneBr,9,2468,1985,5,2,3,11792,368100,21.0
1262,NWAmes,5,3008,2010,5,2,3,17529,288000,35.0
1263,Gilbert,7,2259,1975,4,3,1,18828,260300,61.0
1264,MeadowV,3,1306,1924,4,2,2,11515,113500,46.0
1265,OldTown,3,1937,1945,5,1,2,16352,209200,88.0
1266,BrkSide,5,1155,1955,3,4,2,13168,176300,41.0
1267,Timber,4,1653,1964,3,1,2,12713,244100,59.0
1268,BrDale,4,2318,1916,3,2,2,16262,167500,60.0
1269,CollgCr,7,2119,1920,5,3,2,19677,281600,97.0
1270,CollgCr,4,1013,1947,2,2,1,8795,189200,
1271,BrDale,3,1301,2000,3,1,2,8244,168800,80.0
1272,NWAmes,4,2129,1986,4,2,0,9695,227800,74.0
1273,NWAmes,6,2111,2000,3,2,3,16702,261900,90.0
1274,OldTown,4,1326,1921,3,1,2,15604,153000,89.0
1275,Somerst,8,2100,1957,6,4,2,11320,285600,69.0
1276,Gilbert,7,1964,1971,4,2,2,5451,265200,
1277,Timber,7,2286,1959,4,3,2,11210,302400,65.0
1278,Somerst,6,2448,1957,5,2,3,15813,281400,70.0
1279,IDOTRR,5,2168,1939,4,2,4,13102,201100,
1280,OldTown,3,1599,1907,4,1,2,12829,186000,
1281,NWAmes,7,1693,2002,4,1,2,10554,233100,95.0
1282,NWAmes,4,1155,2010,3,2,2,14859,225300,70.0
1283,CollgCr,7,2346,1917,3,2,3,14893,261400,50.0
1284,OldTown,6,1509,1947,2,3,1,14070,174800,60.0
1285,MeadowV,4,1541,1956,2,1,1,12638,166900,112.0
1286,MeadowV,4,1726,1986,4,1,2,14287,168000,85.0
1287,NWAmes,6,1581,2010,2,2,3,13767,236400,
1288,NWAmes,2,901,1953,4,2,0,7553,205900,47.0
1289,CollgCr,6,1947,1991,4,2,1,14199,279200,55.0
1290,OldTown,4,1796,2005,3,2,2,15362,166400,55.0
1291,CollgCr,6,2351,2000,3,3,2,17744,254000,74.0
1292,Edwards,5,2012,1933,4,2,3,14480,219500,66.0
1293,OldTown,4,1645,1991,3,1,1,8911,184300,59.0
1294,Gilbert,4,1358,1953,2,1,3,8876,252800,62.0
1295,NWAmes,5,1425,1909,4,3,1,10326,228900,
1296,NWAmes,6,1801,1991,4,1,1,13265,256400,66.0
1297,NoRidge,8,2483,2010,4,3,2,13538,358700,94.0
1298,Timber,7,2277,1949,4,2,1,9620,299900,37.0
1299,Edwards,6,1245,1951,3,2,2,7535,170600,78.0
1300,NWAmes,4,1345,1948,3,2,2,4345,243000,100.0
1301,Veenker,7,2581,1925,3,2,2,3243,311600,66.0
1302,OldTown,6,2007,2010,5,2,1,12552,204100,
1303,Edwards,2,764,1904,2,2,2,18648,154100,90.0
1304,Gilbert,6,2804,1969,6,2,2,20896,320500,48.0
1305,BrkSide,4,1609,1903,3,1,2,8794,172200,70.0
1306,MeadowV,4,1754,1975,4,2,2,13032,186500,47.0
1307,OldTown,3,1579,2001,4,1,1,7031,173600,29.0
1308,Edwards,4,1491,1972,4,2,0,7389,179700,67.0
1309,StoneBr,10,2445,1986,3,4,3,9698,361800,42.0
1310,MeadowV,2,2002,1991,5,1,0,12214,160400,70.0
1311,NWAmes,4,1971,2010,5,2,1,12303,244000,95.0
1312,MeadowV,2,1547,1994,3,1,2,12978,190600,111.0
1313,OldTown,7,2361,1927,4,3,1,16043,189700,
1314,NridgHt,7,1808,1982,3,2,3,11436,348800,
1315,StoneBr,8,2787,2010,4,3,2,14700,405000,79.0
1316,Edwards,4,1324,1934,4,2,2,7819,172300,
1317,OldTown,3,1539,1976,2,1,1,7372,172700,28.0
1318,NridgHt,8,1766,1923,3,3,3,7285,335100,106.0
1319,Edwards,7,1445,1998,4,2,2,14162,198800,47.0
1320,BrkSide,6,2091,1969,4,3,2,11999,184600,
1321,CollgCr,5,1516,1990,5,3,2,5483,236100,
1322,CollgCr,7,1463,1999,3,3,1,11705,240700,49.0
1323,NridgHt,7,2349,1945,4,3,1,9327,354500,77.0
1324,BrkSide,2,2002,1951,3,2,1,18815,160600,117.0
1325,NWAmes,7,2646,2002,4,2,2,12266,281100,
1326,IDOTRR,5,1709,1918,2,1,2,14803,168000,59.0
1327,NWAmes,7,2163,1998,4,3,3,17137,279600,
1328,OldTown,4,1930,1933,4,2,1,9517,177500,72.0
1329,Gilbert,5,2192,1971,4,2,2,13650,236300,
1330,Somerst,7,2039,1968,3,2,2,15015,290600,96.0
1331,BrkSide,5,1811,1977,3,1,1,13026,217300,86.0
1332,CollgCr,5,1905,2001,4,2,2,14073,262600,
1333,OldTown,3,1633,1940,2,1,1,7612,160900,
1334,BrDale,4,1573,1918,4,2,1,14085,160100,66.0
1335,BrDale,5,1757,1946,5,3,2,10812,148600,71.0
1336,BrkSide,3,1922,1969,5,2,1,14067,181200,75.0
1337,Timber,7,2583,1994,3,3,2,17385,305500,96.0
1338,OldTown,5,1967,1984,3,1,2,15274,193400,92.0
1339,IDOTRR,5,2401,1937,4,2,1,15022,180400,54.0
1340,NWAmes,7,2024,2010,4,3,2,15295,266300,
1341,NoRidge,7,2728,1930,3,3,2,16865,379400,60.0
1342,BrkSide,3,1629,1914,4,3,1,17492,185300,33.0
1343,CollgCr,5,2944,1911,4,1,2,14768,256500,68.0
1344,OldTown,6,1562,2003,5,2,3,12697,206000,111.0
1345,BrDale,4,1378,1919,3,1,2,15018,153100,32.0
1346,OldTown,4,1766,1968,4,2,1,10815,203300,69.0
1347,CollgCr,4,1759,1998,2,2,1,7844,245300,69.0
1348,NWAmes,8,3022,1992,4,2,3,16770,313100,76.0
1349,NWAmes,7,1926,2010,4,3,0,12130,270600,
1350,Somerst,7,2476,1917,5,2,3,9725,286400,
1351,BrkSide,6,2386,1946,3,2,1,15523,241100,
1352,BrkSide,5,2046,1957,4,1,1,18100,201000,99.0
1353,Gilbert,5,1463,1984,2,2,1,6221,216900,48.0
1354,Gilbert,5,2292,1976,4,1,3,17162,260000,59.0
1355,IDOTRR,4,2050,1961,4,2,3,4220,212600,116.0
1356,NridgHt,10,2909,1954,4,3,3,13416,396000,54.0
1357,CollgCr,7,2231,1920,4,2,2,19903,287900,
1358,CollgCr,5,1879,1956,3,3,1,11608,235200,93.0
1359,Edwards,5,1772,1930,3,2,2,12858,182700,92.0
1360,Somerst,5,2024,1972,5,3,1,15718,280300,
1361,Edwards,6,1990,1989,4,2,1,6972,200500,54.0
1362,NWAmes,5,1503,1968,2,2,2,12258,250400,77.0
1363,OldTown,5,1432,1966,3,2,2,12088,198300,112.0
1364,StoneBr,9,2256,1924,3,3,3,20030,348800,53.0
1365,CollgCr,6,2057,1979,3,3,1,8788,262300,59.0
1366,CollgCr,6,1970,1957,5,2,2,11604,252300,79.0
1367,Veenker,6,2055,1926,4,3,1,9860,282800,84.0
1368,Somerst,6,2155,1935,5,2,2,9689,312400,85.0
1369,Timber,6,1760,1997,3,3,2,16465,275600,51.0
1370,NWAmes,5,2312,2008,4,2,1,13717,270000,58.0
1371,NoRidge,10,2606,1976,5,4,3,12267,395800,75.0
1372,MeadowV,4,1468,2007,1,2,2,10123,174800,98.0
1373,NWAmes,5,1968,1927,4,3,1,10964,233200,65.0
1374,BrkSide,4,977,1934,3,1,1,9295,143500,70.0
1375,BrDale,5,1523,2002,4,1,2,7620,195000,47.0
1376,NoRidge,9,2863,1940,5,2,2,13820,377900,
1377,OldTown,5,1191,1974,2,1,2,10124,170400,
1378,IDOTRR,4,2011,1924,5,1,1,10369,190900,94.0
1379,OldTown,5,2328,1938,4,2,1,14198,208800,71.0
1380,CollgCr,5,1670,1961,3,2,3,13179,247400,72.0
1381,CollgCr,6,2082,1948,4,2,2,11215,287800,37.0
1382,NridgHt,9,2911,2010,4,3,2,14317,367800,23.0
1383,OldTown,6,1816,2009,5,2,2,20187,241400,
1384,BrDale,3,1743,1955,4,3,1,19907,149900,
1385,BrDale,3,1205,1957,3,1,1,7720,154800,75.0
1386,StoneBr,8,2172,1926,5,2,2,10143,338900,43.0
1387,Edwards,7,1880,1927,4,3,1,9052,193400,50.0
1388,Gilbert,3,1559,1912,4,1,2,15817,234700,93.0
1389,IDOTRR,4,2025,1994,5,3,1,11655,219000,108.0
1390,StoneBr,6,1915,1945,4,2,2,13668,325700,56.0
1391,MeadowV,3,995,1937,3,2,1,17979,141600,85.0
1392,BrkSide,4,1241,1994,4,2,4,11445,193200,74.0
1393,Somerst,6,2118,1990,4,2,2,15707,318400,67.0
1394,StoneBr,7,2805,1988,4,2,1,16431,327300,111.0
1395,BrkSide,4,1757,1906,5,2,1,10455,182600,60.0
1396,Somerst,6,1844,1973,5,3,3,16395,268400,97.0
1397,OldTown,3,1708,1963,3,1,2,9442,140800,78.0
1398,MeadowV,5,1716,1935,3,1,1,17121,164900,70.0
1399,OldTown,5,1667,1983,5,1,3,10277,239900,100.0
1400,NWAmes,7,1824,2010,4,3,3,10975,261300,76.0
1401,CollgCr,4,2112,1937,4,2,2,9414,260800,
1402,StoneBr,8,1451,1956,3,3,2,8667,356300,100.0
1403,BrDale,5,2079,1935,4,1,2,11664,192300,97.0
1404,Gilbert,4,1457,1999,3,1,2,3404,234000,
1405,Timber,6,1836,1920,3,2,2,11855,239600,21.0
1406,Gilbert,5,2392,2006,4,2,1,12006,249400,80.0
1407,BrDale,6,1730,1985,4,2,2,15225,216100,75.0
1408,NoRidge,10,2461,1974,4,3,4,15402,397100,69.0
1409,IDOTRR,2,1214,1964,4,3,2,8951,153100,83.0
1410,Edwards,8,2484,2000,5,3,3,12363,260400,76.0
1411,BrkSide,3,1285,1986,4,2,2,10748,213400,85.0
1412,BrDale,5,1249,1930,3,2,2,16698,160600,64.0
1413,BrkSide,6,1677,1907,4,1,2,9475,223600,
1414,MeadowV,3,1888,1972,4,1,2,10256,174200,87.0
1415,Somerst,7,2186,1928,3,1,3,9421,321500,82.0
1416,BrkSide,4,1777,1911,4,2,2,7366,160200,81.0
1417,OldTown,5,1708,2010,4,2,1,13490,205900,95.0
1418,OldTown,5,1569,1954,5,1,2,12848,186600,92.0
1419,IDOTRR,6,2567,1971,5,3,2,18623,220200,
1420,BrDale,4,1554,1923,4,1,1,15752,184700,
1421,Edwards,4,1464,1913,3,1,4,20317,193700,74.0
1422,CollgCr,7,2543,1915,4,3,1,13827,295600,
1423,CollgCr,7,1907,1947,3,2,3,11902,259500,94.0
1424,NWAmes,7,1951,1908,2,3,2,8351,238500,56.0
1425,NWAmes,5,1803,1954,3,2,2,15044,241700,
1426,NWAmes,4,1620,1943,3,1,3,12654,230700,24.0
1427,NoRidge,7,2250,1978,2,3,1,15779,348400,84.0
1428,NoRidge,7,2892,1985,4,3,2,10797,358800,55.0
1429,BrkSide,5,1917,1935,3,2,2,14064,220100,111.0
1430,CollgCr,7,1327,1959,3,2,2,12372,246000,76.0
1431,MeadowV,4,1734,1908,3,2,2,12954,189700,53.0
1432,OldTown,6,1993,1935,3,3,2,10594,210300,64.0
1433,NridgHt,10,2715,2010,6,3,3,18592,420000,54.0
1434,Somerst,7,2246,2010,4,2,1,20668,307500,63.0
1435,Veenker,5,1789,1966,3,1,1,8691,253400,63.0
1436,BrDale,6,1961,2003,4,3,2,15443,216100,
1437,Veenker,6,2194,1968,4,2,1,3315,322600,
1438,CollgCr,6,1790,1922,3,2,3,14920,260400,
1439,MeadowV,4,1288,1995,2,3,1,5030,178400,48.0
1440,BrDale,3,2498,1945,5,1,1,12158,197500,34.0
1441,Gilbert,4,1369,1975,3,3,2,7142,230600,77.0
1442,StoneBr,9,2555,1991,3,3,2,13355,383300,82.0
1443,Somerst,5,1276,1945,3,2,1,14487,252400,86.0
1444,NoRidge,10,2740,2001,4,3,4,7979,422400,82.0
1445,Timber,5,1473,1967,2,1,1,10687,231500,105.0
1446,OldTown,3,1285,1942,3,2,1,9773,167000,92.0
1447,MeadowV,5,2165,1932,4,2,2,18863,185100,
1448,OldTown,6,2145,1984,4,3,2,14801,216100,138.0
1449,OldTown,5,1998,1929,5,2,2,8875,224500,
1450,Timber,7,1540,1925,4,1,2,10430,257900,22.0
1451,BrkSide,2,1902,1998,5,1,1,18250,155300,70.0
1452,OldTown,4,1202,1938,5,3,2,13904,186800,
1453,IDOTRR,3,1974,1970,4,1,2,9734,151300,
1454,MeadowV,2,1617,1978,3,2,1,11299,117600,85.0
1455,NWAmes,6,2182,2000,5,2,3,12541,289700,
1456,NoRidge,5,1500,1989,3,2,1,10117,319600,55.0
1457,Veenker,5,1853,1990,4,2,2,6720,287800,58.0
1458,CollgCr,5,1635,2001,3,2,1,9898,239700,
1459,MeadowV,3,1450,2003,4,3,1,16762,135200,89.0
1460,NWAmes,6,1892,1913,3,2,1,11449,218200,
